-- phpMyAdmin SQL Dump
-- version 3.4.11.1deb1
-- http://www.phpmyadmin.net
--
-- Host: localhost
-- Generation Time: Apr 13, 2013 at 08:53 PM
-- Server version: 5.5.29
-- PHP Version: 5.4.6-1ubuntu1.2

SET SQL_MODE="NO_AUTO_VALUE_ON_ZERO";
SET time_zone = "+00:00";


/*!40101 SET @OLD_CHARACTER_SET_CLIENT=@@CHARACTER_SET_CLIENT */;
/*!40101 SET @OLD_CHARACTER_SET_RESULTS=@@CHARACTER_SET_RESULTS */;
/*!40101 SET @OLD_COLLATION_CONNECTION=@@COLLATION_CONNECTION */;
/*!40101 SET NAMES utf8 */;

--
-- Database: `broadcast_monitoring`
--

-- --------------------------------------------------------

--
-- Table structure for table `channel`
--

CREATE TABLE IF NOT EXISTS `channel` (
  `number` int(11) NOT NULL AUTO_INCREMENT,
  `name` varchar(100) COLLATE utf16_bin NOT NULL,
  `last_time_value` int(11) NOT NULL DEFAULT '0',
  `type` int(11) NOT NULL COMMENT '0 for TV and 1 for Radio',
  `interface` varchar(100) COLLATE utf16_bin NOT NULL,
  PRIMARY KEY (`number`),
  UNIQUE KEY `name` (`name`)
) ENGINE=InnoDB  DEFAULT CHARSET=utf16 COLLATE=utf16_bin AUTO_INCREMENT=7 ;

--
-- Dumping data for table `channel`
--

INSERT INTO `channel` (`number`, `name`, `last_time_value`, `type`, `interface`) VALUES
(1, 'NTV', 0, 0, 'Default'),
(2, 'KTN', 0, 0, 'Default'),
(3, 'Kiss 100', 0, 0, 'Default'),
(4, 'Capital FM', 0, 1, 'Default'),
(5, 'Classic', 0, 1, 'Default'),
(6, 'XFM', 0, 1, 'Default');

-- --------------------------------------------------------

--
-- Table structure for table `hash_set`
--

CREATE TABLE IF NOT EXISTS `hash_set` (
  `id` int(11) NOT NULL AUTO_INCREMENT,
  `start_timestamp` datetime NOT NULL,
  `stop_timestamp` datetime NOT NULL,
  `url` varchar(255) COLLATE utf8_bin NOT NULL,
  `parent` int(11) NOT NULL,
  `start_real_time` int(11) NOT NULL,
  `parent_type` int(11) NOT NULL COMMENT '0 for channel and 1 for searchable content',
  PRIMARY KEY (`id`),
  KEY `parent` (`parent`)
) ENGINE=InnoDB  DEFAULT CHARSET=utf8 COLLATE=utf8_bin AUTO_INCREMENT=1079 ;

--
-- Dumping data for table `hash_set`
--

INSERT INTO `hash_set` (`id`, `start_timestamp`, `stop_timestamp`, `url`, `parent`, `start_real_time`, `parent_type`) VALUES
(1, '2013-04-08 05:44:36', '2013-04-08 05:44:36', '182_2013-04-08 05:44:36_2013-04-08 05:44:36.ser', 4, 182, 0),
(2, '2013-04-08 05:44:37', '2013-04-08 05:44:37', '212_2013-04-08 05:44:37_2013-04-08 05:44:37.ser', 4, 212, 0),
(3, '2013-04-08 13:17:53', '2013-04-08 13:17:53', '501_2013-04-08 13:17:53_2013-04-08 13:17:53.ser', 4, 501, 0),
(4, '2013-04-08 13:17:58', '2013-04-08 13:17:58', '605_2013-04-08 13:17:58_2013-04-08 13:17:58.ser', 4, 605, 0),
(5, '2013-04-08 13:17:58', '2013-04-08 13:17:59', '612_2013-04-08 13:17:58_2013-04-08 13:17:59.ser', 4, 612, 0),
(6, '2013-04-08 13:17:59', '2013-04-08 13:17:59', '622_2013-04-08 13:17:59_2013-04-08 13:17:59.ser', 4, 622, 0),
(7, '2013-04-08 13:17:59', '2013-04-08 13:18:00', '631_2013-04-08 13:17:59_2013-04-08 13:18:00.ser', 4, 631, 0),
(8, '2013-04-08 13:18:00', '2013-04-08 13:18:00', '641_2013-04-08 13:18:00_2013-04-08 13:18:00.ser', 4, 641, 0),
(9, '2013-04-08 13:18:00', '2013-04-08 13:18:01', '651_2013-04-08 13:18:00_2013-04-08 13:18:01.ser', 4, 651, 0),
(10, '2013-04-08 13:18:01', '2013-04-08 13:18:01', '661_2013-04-08 13:18:01_2013-04-08 13:18:01.ser', 4, 661, 0),
(11, '2013-04-08 13:18:01', '2013-04-08 13:18:02', '671_2013-04-08 13:18:01_2013-04-08 13:18:02.ser', 4, 671, 0),
(12, '2013-04-08 13:18:02', '2013-04-08 13:18:02', '681_2013-04-08 13:18:02_2013-04-08 13:18:02.ser', 4, 681, 0),
(13, '2013-04-08 13:18:02', '2013-04-08 13:18:03', '691_2013-04-08 13:18:02_2013-04-08 13:18:03.ser', 4, 691, 0),
(14, '2013-04-08 13:18:03', '2013-04-08 13:18:03', '701_2013-04-08 13:18:03_2013-04-08 13:18:03.ser', 4, 701, 0),
(15, '2013-04-08 13:18:03', '2013-04-08 13:18:03', '711_2013-04-08 13:18:03_2013-04-08 13:18:03.ser', 4, 711, 0),
(16, '2013-04-08 13:18:04', '2013-04-08 13:18:04', '721_2013-04-08 13:18:04_2013-04-08 13:18:04.ser', 4, 721, 0),
(17, '2013-04-08 13:18:04', '2013-04-08 13:18:04', '731_2013-04-08 13:18:04_2013-04-08 13:18:04.ser', 4, 731, 0),
(18, '2013-04-08 13:18:04', '2013-04-08 13:18:05', '741_2013-04-08 13:18:04_2013-04-08 13:18:05.ser', 4, 741, 0),
(19, '2013-04-08 13:18:05', '2013-04-08 13:18:05', '751_2013-04-08 13:18:05_2013-04-08 13:18:05.ser', 4, 751, 0),
(20, '2013-04-08 13:18:05', '2013-04-08 13:18:06', '761_2013-04-08 13:18:05_2013-04-08 13:18:06.ser', 4, 761, 0),
(21, '2013-04-08 13:18:06', '2013-04-08 13:18:06', '771_2013-04-08 13:18:06_2013-04-08 13:18:06.ser', 4, 771, 0),
(22, '2013-04-08 13:18:06', '2013-04-08 13:18:07', '781_2013-04-08 13:18:06_2013-04-08 13:18:07.ser', 4, 781, 0),
(23, '2013-04-08 13:18:07', '2013-04-08 13:18:07', '791_2013-04-08 13:18:07_2013-04-08 13:18:07.ser', 4, 791, 0),
(24, '2013-04-08 13:18:07', '2013-04-08 13:18:08', '801_2013-04-08 13:18:07_2013-04-08 13:18:08.ser', 4, 801, 0),
(25, '2013-04-08 13:18:08', '2013-04-08 13:18:08', '811_2013-04-08 13:18:08_2013-04-08 13:18:08.ser', 4, 811, 0),
(26, '2013-04-08 13:18:08', '2013-04-08 13:18:09', '821_2013-04-08 13:18:08_2013-04-08 13:18:09.ser', 4, 821, 0),
(27, '2013-04-08 13:18:09', '2013-04-08 13:18:09', '831_2013-04-08 13:18:09_2013-04-08 13:18:09.ser', 4, 831, 0),
(28, '2013-04-08 13:18:09', '2013-04-08 13:18:10', '841_2013-04-08 13:18:09_2013-04-08 13:18:10.ser', 4, 841, 0),
(29, '2013-04-08 13:18:10', '2013-04-08 13:18:10', '851_2013-04-08 13:18:10_2013-04-08 13:18:10.ser', 4, 851, 0),
(30, '2013-04-08 13:18:10', '2013-04-08 13:18:10', '861_2013-04-08 13:18:10_2013-04-08 13:18:10.ser', 4, 861, 0),
(31, '2013-04-08 13:18:11', '2013-04-08 13:18:11', '871_2013-04-08 13:18:11_2013-04-08 13:18:11.ser', 4, 871, 0),
(32, '2013-04-08 13:18:11', '2013-04-08 13:18:11', '881_2013-04-08 13:18:11_2013-04-08 13:18:11.ser', 4, 881, 0),
(33, '2013-04-08 13:18:12', '2013-04-08 13:18:12', '891_2013-04-08 13:18:12_2013-04-08 13:18:12.ser', 4, 891, 0),
(34, '2013-04-08 13:18:12', '2013-04-08 13:18:12', '901_2013-04-08 13:18:12_2013-04-08 13:18:12.ser', 4, 901, 0),
(35, '2013-04-08 13:18:12', '2013-04-08 13:18:13', '911_2013-04-08 13:18:12_2013-04-08 13:18:13.ser', 4, 911, 0),
(36, '2013-04-08 13:18:13', '2013-04-08 13:18:13', '921_2013-04-08 13:18:13_2013-04-08 13:18:13.ser', 4, 921, 0),
(37, '2013-04-08 13:18:13', '2013-04-08 13:18:14', '931_2013-04-08 13:18:13_2013-04-08 13:18:14.ser', 4, 931, 0),
(38, '2013-04-08 13:18:14', '2013-04-08 13:18:14', '941_2013-04-08 13:18:14_2013-04-08 13:18:14.ser', 4, 941, 0),
(39, '2013-04-08 13:18:14', '2013-04-08 13:18:15', '951_2013-04-08 13:18:14_2013-04-08 13:18:15.ser', 4, 951, 0),
(40, '2013-04-08 13:18:15', '2013-04-08 13:18:15', '961_2013-04-08 13:18:15_2013-04-08 13:18:15.ser', 4, 961, 0),
(41, '2013-04-08 13:18:15', '2013-04-08 13:18:16', '971_2013-04-08 13:18:15_2013-04-08 13:18:16.ser', 4, 971, 0),
(42, '2013-04-08 13:18:16', '2013-04-08 13:18:16', '981_2013-04-08 13:18:16_2013-04-08 13:18:16.ser', 4, 981, 0),
(43, '2013-04-08 13:18:16', '2013-04-08 13:18:16', '991_2013-04-08 13:18:16_2013-04-08 13:18:16.ser', 4, 991, 0),
(44, '2013-04-08 13:18:17', '2013-04-08 13:18:17', '1001_2013-04-08 13:18:17_2013-04-08 13:18:17.ser', 4, 1001, 0),
(45, '2013-04-08 13:18:17', '2013-04-08 13:18:17', '1011_2013-04-08 13:18:17_2013-04-08 13:18:17.ser', 4, 1011, 0),
(46, '2013-04-08 13:18:18', '2013-04-08 13:18:18', '1021_2013-04-08 13:18:18_2013-04-08 13:18:18.ser', 4, 1021, 0),
(47, '2013-04-08 13:18:18', '2013-04-08 13:18:18', '1031_2013-04-08 13:18:18_2013-04-08 13:18:18.ser', 4, 1031, 0),
(48, '2013-04-08 13:18:18', '2013-04-08 13:18:19', '1041_2013-04-08 13:18:18_2013-04-08 13:18:19.ser', 4, 1041, 0),
(49, '2013-04-08 13:18:19', '2013-04-08 13:18:19', '1051_2013-04-08 13:18:19_2013-04-08 13:18:19.ser', 4, 1051, 0),
(50, '2013-04-08 13:18:19', '2013-04-08 13:18:20', '1061_2013-04-08 13:18:19_2013-04-08 13:18:20.ser', 4, 1061, 0),
(51, '2013-04-08 13:18:20', '2013-04-08 13:18:20', '1071_2013-04-08 13:18:20_2013-04-08 13:18:20.ser', 4, 1071, 0),
(52, '2013-04-08 13:18:20', '2013-04-08 13:18:21', '1081_2013-04-08 13:18:20_2013-04-08 13:18:21.ser', 4, 1081, 0),
(53, '2013-04-08 13:18:21', '2013-04-08 13:18:21', '1091_2013-04-08 13:18:21_2013-04-08 13:18:21.ser', 4, 1091, 0),
(54, '2013-04-08 13:18:21', '2013-04-08 13:18:22', '1101_2013-04-08 13:18:21_2013-04-08 13:18:22.ser', 4, 1101, 0),
(55, '2013-04-08 13:18:22', '2013-04-08 13:18:22', '1111_2013-04-08 13:18:22_2013-04-08 13:18:22.ser', 4, 1111, 0),
(56, '2013-04-08 13:18:22', '2013-04-08 13:18:23', '1121_2013-04-08 13:18:22_2013-04-08 13:18:23.ser', 4, 1121, 0),
(57, '2013-04-08 13:18:23', '2013-04-08 13:18:23', '1131_2013-04-08 13:18:23_2013-04-08 13:18:23.ser', 4, 1131, 0),
(58, '2013-04-08 13:18:23', '2013-04-08 13:18:23', '1141_2013-04-08 13:18:23_2013-04-08 13:18:23.ser', 4, 1141, 0),
(59, '2013-04-08 13:18:24', '2013-04-08 13:18:24', '1151_2013-04-08 13:18:24_2013-04-08 13:18:24.ser', 4, 1151, 0),
(60, '2013-04-08 13:18:24', '2013-04-08 13:18:24', '1161_2013-04-08 13:18:24_2013-04-08 13:18:24.ser', 4, 1161, 0),
(61, '2013-04-08 13:18:25', '2013-04-08 13:18:25', '1171_2013-04-08 13:18:25_2013-04-08 13:18:25.ser', 4, 1171, 0),
(62, '2013-04-08 13:18:25', '2013-04-08 13:18:25', '1181_2013-04-08 13:18:25_2013-04-08 13:18:25.ser', 4, 1181, 0),
(63, '2013-04-08 13:18:25', '2013-04-08 13:18:26', '1191_2013-04-08 13:18:25_2013-04-08 13:18:26.ser', 4, 1191, 0),
(64, '2013-04-08 13:18:26', '2013-04-08 13:18:26', '1201_2013-04-08 13:18:26_2013-04-08 13:18:26.ser', 4, 1201, 0),
(65, '2013-04-08 13:18:26', '2013-04-08 13:18:27', '1211_2013-04-08 13:18:26_2013-04-08 13:18:27.ser', 4, 1211, 0),
(66, '2013-04-08 13:18:27', '2013-04-08 13:18:27', '1221_2013-04-08 13:18:27_2013-04-08 13:18:27.ser', 4, 1221, 0),
(67, '2013-04-08 13:18:27', '2013-04-08 13:18:28', '1231_2013-04-08 13:18:27_2013-04-08 13:18:28.ser', 4, 1231, 0),
(68, '2013-04-08 13:18:28', '2013-04-08 13:18:28', '1241_2013-04-08 13:18:28_2013-04-08 13:18:28.ser', 4, 1241, 0),
(69, '2013-04-08 13:18:28', '2013-04-08 13:18:29', '1251_2013-04-08 13:18:28_2013-04-08 13:18:29.ser', 4, 1251, 0),
(70, '2013-04-08 13:18:29', '2013-04-08 13:18:29', '1261_2013-04-08 13:18:29_2013-04-08 13:18:29.ser', 4, 1261, 0),
(71, '2013-04-08 13:18:29', '2013-04-08 13:18:29', '1271_2013-04-08 13:18:29_2013-04-08 13:18:29.ser', 4, 1271, 0),
(72, '2013-04-08 13:18:30', '2013-04-08 13:18:30', '1281_2013-04-08 13:18:30_2013-04-08 13:18:30.ser', 4, 1281, 0),
(73, '2013-04-08 13:18:30', '2013-04-08 13:18:30', '1291_2013-04-08 13:18:30_2013-04-08 13:18:30.ser', 4, 1291, 0),
(74, '2013-04-08 13:18:30', '2013-04-08 13:18:31', '1301_2013-04-08 13:18:30_2013-04-08 13:18:31.ser', 4, 1301, 0),
(75, '2013-04-08 13:18:31', '2013-04-08 13:18:31', '1311_2013-04-08 13:18:31_2013-04-08 13:18:31.ser', 4, 1311, 0),
(76, '2013-04-08 13:18:31', '2013-04-08 13:18:32', '1321_2013-04-08 13:18:31_2013-04-08 13:18:32.ser', 4, 1321, 0),
(77, '2013-04-08 13:18:32', '2013-04-08 13:18:32', '1331_2013-04-08 13:18:32_2013-04-08 13:18:32.ser', 4, 1331, 0),
(78, '2013-04-08 13:18:32', '2013-04-08 13:18:33', '1341_2013-04-08 13:18:32_2013-04-08 13:18:33.ser', 4, 1341, 0),
(79, '2013-04-08 13:18:33', '2013-04-08 13:18:33', '1351_2013-04-08 13:18:33_2013-04-08 13:18:33.ser', 4, 1351, 0),
(80, '2013-04-08 13:18:33', '2013-04-08 13:18:34', '1361_2013-04-08 13:18:33_2013-04-08 13:18:34.ser', 4, 1361, 0),
(81, '2013-04-08 13:18:34', '2013-04-08 13:18:34', '1371_2013-04-08 13:18:34_2013-04-08 13:18:34.ser', 4, 1371, 0),
(82, '2013-04-08 13:18:34', '2013-04-08 13:18:35', '1381_2013-04-08 13:18:34_2013-04-08 13:18:35.ser', 4, 1381, 0),
(83, '2013-04-08 13:18:35', '2013-04-08 13:18:35', '1391_2013-04-08 13:18:35_2013-04-08 13:18:35.ser', 4, 1391, 0),
(84, '2013-04-08 13:18:35', '2013-04-08 13:18:36', '1401_2013-04-08 13:18:35_2013-04-08 13:18:36.ser', 4, 1401, 0),
(85, '2013-04-08 13:18:36', '2013-04-08 13:18:36', '1411_2013-04-08 13:18:36_2013-04-08 13:18:36.ser', 4, 1411, 0),
(86, '2013-04-08 13:18:37', '2013-04-08 13:18:37', '1445_2013-04-08 13:18:37_2013-04-08 13:18:37.ser', 4, 1445, 0),
(87, '2013-04-08 13:18:38', '2013-04-08 13:18:38', '1468_2013-04-08 13:18:38_2013-04-08 13:18:38.ser', 4, 1468, 0),
(88, '2013-04-08 13:18:40', '2013-04-08 13:18:40', '1505_2013-04-08 13:18:40_2013-04-08 13:18:40.ser', 4, 1505, 0),
(89, '2013-04-08 13:18:43', '2013-04-08 13:18:43', '1565_2013-04-08 13:18:43_2013-04-08 13:18:43.ser', 4, 1565, 0),
(90, '2013-04-08 13:18:45', '2013-04-08 13:18:45', '1613_2013-04-08 13:18:45_2013-04-08 13:18:45.ser', 4, 1613, 0),
(91, '2013-04-08 13:18:51', '2013-04-08 13:18:51', '1736_2013-04-08 13:18:51_2013-04-08 13:18:51.ser', 4, 1736, 0),
(92, '2013-04-08 13:18:53', '2013-04-08 13:18:53', '1783_2013-04-08 13:18:53_2013-04-08 13:18:53.ser', 4, 1783, 0),
(93, '2013-04-08 13:18:55', '2013-04-08 13:18:55', '1837_2013-04-08 13:18:55_2013-04-08 13:18:55.ser', 4, 1837, 0),
(94, '2013-04-08 13:18:58', '2013-04-08 13:18:58', '1904_2013-04-08 13:18:58_2013-04-08 13:18:58.ser', 4, 1904, 0),
(95, '2013-04-08 13:18:59', '2013-04-08 13:18:59', '1911_2013-04-08 13:18:59_2013-04-08 13:18:59.ser', 4, 1911, 0),
(96, '2013-04-08 13:19:00', '2013-04-08 13:19:00', '1925_2013-04-08 13:19:00_2013-04-08 13:19:00.ser', 4, 1925, 0),
(97, '2013-04-08 13:19:01', '2013-04-08 13:19:01', '1952_2013-04-08 13:19:01_2013-04-08 13:19:01.ser', 4, 1952, 0),
(98, '2013-04-08 13:19:03', '2013-04-08 13:19:03', '1993_2013-04-08 13:19:03_2013-04-08 13:19:03.ser', 4, 1993, 0),
(99, '2013-04-08 13:19:03', '2013-04-08 13:19:03', '2001_2013-04-08 13:19:03_2013-04-08 13:19:03.ser', 4, 2001, 0),
(100, '2013-04-08 13:19:05', '2013-04-08 13:19:05', '2041_2013-04-08 13:19:05_2013-04-08 13:19:05.ser', 4, 2041, 0),
(101, '2013-04-08 13:19:06', '2013-04-08 13:19:06', '2071_2013-04-08 13:19:06_2013-04-08 13:19:06.ser', 4, 2071, 0),
(102, '2013-04-08 13:19:08', '2013-04-08 13:19:08', '2111_2013-04-08 13:19:08_2013-04-08 13:19:08.ser', 4, 2111, 0),
(103, '2013-04-08 13:19:11', '2013-04-08 13:19:11', '2177_2013-04-08 13:19:11_2013-04-08 13:19:11.ser', 4, 2177, 0),
(104, '2013-04-08 13:19:15', '2013-04-08 13:19:15', '2251_2013-04-08 13:19:15_2013-04-08 13:19:15.ser', 4, 2251, 0),
(105, '2013-04-08 13:19:18', '2013-04-08 13:19:18', '2331_2013-04-08 13:19:18_2013-04-08 13:19:18.ser', 4, 2331, 0),
(106, '2013-04-08 13:19:23', '2013-04-08 13:19:23', '2424_2013-04-08 13:19:23_2013-04-08 13:19:23.ser', 4, 2424, 0),
(107, '2013-04-08 13:19:28', '2013-04-08 13:19:28', '2535_2013-04-08 13:19:28_2013-04-08 13:19:28.ser', 4, 2535, 0),
(108, '2013-04-08 13:19:31', '2013-04-08 13:19:31', '2594_2013-04-08 13:19:31_2013-04-08 13:19:31.ser', 4, 2594, 0),
(109, '2013-04-08 13:19:34', '2013-04-08 13:19:34', '2671_2013-04-08 13:19:34_2013-04-08 13:19:34.ser', 4, 2671, 0),
(110, '2013-04-08 13:19:39', '2013-04-08 13:19:39', '2772_2013-04-08 13:19:39_2013-04-08 13:19:39.ser', 4, 2772, 0),
(111, '2013-04-08 13:19:41', '2013-04-08 13:19:41', '2826_2013-04-08 13:19:41_2013-04-08 13:19:41.ser', 4, 2826, 0),
(112, '2013-04-08 13:19:42', '2013-04-08 13:19:43', '2852_2013-04-08 13:19:42_2013-04-08 13:19:43.ser', 4, 2852, 0),
(113, '2013-04-08 13:19:44', '2013-04-08 13:19:44', '2881_2013-04-08 13:19:44_2013-04-08 13:19:44.ser', 4, 2881, 0),
(114, '2013-04-08 13:19:47', '2013-04-08 13:19:47', '2941_2013-04-08 13:19:47_2013-04-08 13:19:47.ser', 4, 2941, 0),
(115, '2013-04-08 13:19:50', '2013-04-08 13:19:51', '3022_2013-04-08 13:19:50_2013-04-08 13:19:51.ser', 4, 3022, 0),
(116, '2013-04-08 13:19:51', '2013-04-08 13:19:51', '3032_2013-04-08 13:19:51_2013-04-08 13:19:51.ser', 4, 3032, 0),
(117, '2013-04-08 13:19:51', '2013-04-08 13:19:52', '3041_2013-04-08 13:19:51_2013-04-08 13:19:52.ser', 4, 3041, 0),
(118, '2013-04-08 14:51:17', '2013-04-08 14:51:17', '967_2013-04-08 14:51:17_2013-04-08 14:51:17.ser', 4, 967, 0),
(119, '2013-04-08 14:51:17', '2013-04-08 14:51:17', '971_2013-04-08 14:51:17_2013-04-08 14:51:17.ser', 4, 971, 0),
(120, '2013-04-08 14:51:42', '2013-04-08 14:51:42', '1505_2013-04-08 14:51:42_2013-04-08 14:51:42.ser', 4, 1505, 0),
(121, '2013-04-08 14:51:42', '2013-04-08 14:51:42', '1511_2013-04-08 14:51:42_2013-04-08 14:51:42.ser', 4, 1511, 0),
(122, '2013-04-08 14:51:42', '2013-04-08 14:51:43', '1521_2013-04-08 14:51:42_2013-04-08 14:51:43.ser', 4, 1521, 0),
(123, '2013-04-08 14:51:43', '2013-04-08 14:51:43', '1531_2013-04-08 14:51:43_2013-04-08 14:51:43.ser', 4, 1531, 0),
(124, '2013-04-08 14:51:43', '2013-04-08 14:51:44', '1541_2013-04-08 14:51:43_2013-04-08 14:51:44.ser', 4, 1541, 0),
(125, '2013-04-08 14:51:44', '2013-04-08 14:51:44', '1551_2013-04-08 14:51:44_2013-04-08 14:51:44.ser', 4, 1551, 0),
(126, '2013-04-08 14:51:44', '2013-04-08 14:51:45', '1561_2013-04-08 14:51:44_2013-04-08 14:51:45.ser', 4, 1561, 0),
(127, '2013-04-08 14:51:45', '2013-04-08 14:51:45', '1571_2013-04-08 14:51:45_2013-04-08 14:51:45.ser', 4, 1571, 0),
(128, '2013-04-08 14:51:45', '2013-04-08 14:51:46', '1581_2013-04-08 14:51:45_2013-04-08 14:51:46.ser', 4, 1581, 0),
(129, '2013-04-08 14:51:46', '2013-04-08 14:51:46', '1591_2013-04-08 14:51:46_2013-04-08 14:51:46.ser', 4, 1591, 0),
(130, '2013-04-08 14:51:46', '2013-04-08 14:51:47', '1601_2013-04-08 14:51:46_2013-04-08 14:51:47.ser', 4, 1601, 0),
(131, '2013-04-08 14:51:47', '2013-04-08 14:51:47', '1611_2013-04-08 14:51:47_2013-04-08 14:51:47.ser', 4, 1611, 0),
(132, '2013-04-08 14:51:47', '2013-04-08 14:51:47', '1621_2013-04-08 14:51:47_2013-04-08 14:51:47.ser', 4, 1621, 0),
(133, '2013-04-08 14:51:48', '2013-04-08 14:51:48', '1631_2013-04-08 14:51:48_2013-04-08 14:51:48.ser', 4, 1631, 0),
(134, '2013-04-08 14:51:48', '2013-04-08 14:51:48', '1641_2013-04-08 14:51:48_2013-04-08 14:51:48.ser', 4, 1641, 0),
(135, '2013-04-08 14:51:48', '2013-04-08 14:51:49', '1651_2013-04-08 14:51:48_2013-04-08 14:51:49.ser', 4, 1651, 0),
(136, '2013-04-08 14:51:49', '2013-04-08 14:51:49', '1661_2013-04-08 14:51:49_2013-04-08 14:51:49.ser', 4, 1661, 0),
(137, '2013-04-08 14:51:49', '2013-04-08 14:51:50', '1671_2013-04-08 14:51:49_2013-04-08 14:51:50.ser', 4, 1671, 0),
(138, '2013-04-08 14:51:50', '2013-04-08 14:51:50', '1681_2013-04-08 14:51:50_2013-04-08 14:51:50.ser', 4, 1681, 0),
(139, '2013-04-08 14:51:50', '2013-04-08 14:51:51', '1691_2013-04-08 14:51:50_2013-04-08 14:51:51.ser', 4, 1691, 0),
(140, '2013-04-08 14:51:51', '2013-04-08 14:51:51', '1701_2013-04-08 14:51:51_2013-04-08 14:51:51.ser', 4, 1701, 0),
(141, '2013-04-08 14:51:51', '2013-04-08 14:51:52', '1711_2013-04-08 14:51:51_2013-04-08 14:51:52.ser', 4, 1711, 0),
(142, '2013-04-08 14:51:52', '2013-04-08 14:51:52', '1721_2013-04-08 14:51:52_2013-04-08 14:51:52.ser', 4, 1721, 0),
(143, '2013-04-08 14:51:52', '2013-04-08 14:51:53', '1731_2013-04-08 14:51:52_2013-04-08 14:51:53.ser', 4, 1731, 0),
(144, '2013-04-08 14:51:53', '2013-04-08 14:51:53', '1741_2013-04-08 14:51:53_2013-04-08 14:51:53.ser', 4, 1741, 0),
(145, '2013-04-08 14:51:53', '2013-04-08 14:51:53', '1751_2013-04-08 14:51:53_2013-04-08 14:51:53.ser', 4, 1751, 0),
(146, '2013-04-08 14:51:54', '2013-04-08 14:51:54', '1761_2013-04-08 14:51:54_2013-04-08 14:51:54.ser', 4, 1761, 0),
(147, '2013-04-08 14:51:54', '2013-04-08 14:51:54', '1771_2013-04-08 14:51:54_2013-04-08 14:51:54.ser', 4, 1771, 0),
(148, '2013-04-08 14:51:55', '2013-04-08 14:51:55', '1781_2013-04-08 14:51:55_2013-04-08 14:51:55.ser', 4, 1781, 0),
(149, '2013-04-08 14:51:55', '2013-04-08 14:51:55', '1791_2013-04-08 14:51:55_2013-04-08 14:51:55.ser', 4, 1791, 0),
(150, '2013-04-08 14:51:55', '2013-04-08 14:51:56', '1801_2013-04-08 14:51:55_2013-04-08 14:51:56.ser', 4, 1801, 0),
(151, '2013-04-08 14:51:56', '2013-04-08 14:51:56', '1811_2013-04-08 14:51:56_2013-04-08 14:51:56.ser', 4, 1811, 0),
(152, '2013-04-13 11:43:58', '2013-04-13 11:43:58', '46_2013-04-13 11:43:58_2013-04-13 11:43:58.ser', 5, 46, 1),
(153, '2013-04-13 11:43:59', '2013-04-13 11:43:59', '51_2013-04-13 11:43:59_2013-04-13 11:43:59.ser', 5, 51, 1),
(154, '2013-04-13 11:43:59', '2013-04-13 11:43:59', '61_2013-04-13 11:43:59_2013-04-13 11:43:59.ser', 5, 61, 1),
(155, '2013-04-13 11:44:00', '2013-04-13 11:44:00', '71_2013-04-13 11:44:00_2013-04-13 11:44:00.ser', 5, 71, 1),
(156, '2013-04-13 11:44:00', '2013-04-13 11:44:01', '91_2013-04-13 11:44:00_2013-04-13 11:44:01.ser', 5, 91, 1),
(157, '2013-04-13 11:44:01', '2013-04-13 11:44:02', '111_2013-04-13 11:44:01_2013-04-13 11:44:02.ser', 5, 111, 1),
(158, '2013-04-13 11:44:03', '2013-04-13 11:44:03', '141_2013-04-13 11:44:03_2013-04-13 11:44:03.ser', 5, 141, 1),
(159, '2013-04-13 11:44:04', '2013-04-13 11:44:05', '171_2013-04-13 11:44:04_2013-04-13 11:44:05.ser', 5, 171, 1),
(160, '2013-04-13 11:44:07', '2013-04-13 11:44:07', '231_2013-04-13 11:44:07_2013-04-13 11:44:07.ser', 5, 231, 1),
(161, '2013-04-13 11:44:09', '2013-04-13 11:44:10', '281_2013-04-13 11:44:09_2013-04-13 11:44:10.ser', 5, 281, 1),
(162, '2013-04-13 11:44:10', '2013-04-13 11:44:10', '291_2013-04-13 11:44:10_2013-04-13 11:44:10.ser', 5, 291, 1),
(163, '2013-04-13 11:49:05', '2013-04-13 11:49:05', '6_2013-04-13 11:49:05_2013-04-13 11:49:05.ser', 6, 6, 1),
(164, '2013-04-13 11:49:06', '2013-04-13 11:49:06', '11_2013-04-13 11:49:06_2013-04-13 11:49:06.ser', 6, 11, 1),
(165, '2013-04-13 11:49:06', '2013-04-13 11:49:06', '21_2013-04-13 11:49:06_2013-04-13 11:49:06.ser', 6, 21, 1),
(166, '2013-04-13 11:49:07', '2013-04-13 11:49:07', '31_2013-04-13 11:49:07_2013-04-13 11:49:07.ser', 6, 31, 1),
(167, '2013-04-13 11:49:07', '2013-04-13 11:49:07', '41_2013-04-13 11:49:07_2013-04-13 11:49:07.ser', 6, 41, 1),
(168, '2013-04-13 11:49:07', '2013-04-13 11:49:08', '51_2013-04-13 11:49:07_2013-04-13 11:49:08.ser', 6, 51, 1),
(169, '2013-04-13 11:49:08', '2013-04-13 11:49:08', '61_2013-04-13 11:49:08_2013-04-13 11:49:08.ser', 6, 61, 1),
(170, '2013-04-13 11:49:08', '2013-04-13 11:49:09', '71_2013-04-13 11:49:08_2013-04-13 11:49:09.ser', 6, 71, 1),
(171, '2013-04-13 11:49:09', '2013-04-13 11:49:09', '81_2013-04-13 11:49:09_2013-04-13 11:49:09.ser', 6, 81, 1),
(172, '2013-04-13 11:49:09', '2013-04-13 11:49:10', '91_2013-04-13 11:49:09_2013-04-13 11:49:10.ser', 6, 91, 1),
(173, '2013-04-13 11:49:10', '2013-04-13 11:49:10', '101_2013-04-13 11:49:10_2013-04-13 11:49:10.ser', 6, 101, 1),
(174, '2013-04-13 11:49:10', '2013-04-13 11:49:11', '111_2013-04-13 11:49:10_2013-04-13 11:49:11.ser', 6, 111, 1),
(175, '2013-04-13 11:49:11', '2013-04-13 11:49:11', '121_2013-04-13 11:49:11_2013-04-13 11:49:11.ser', 6, 121, 1),
(176, '2013-04-13 11:49:11', '2013-04-13 11:49:12', '131_2013-04-13 11:49:11_2013-04-13 11:49:12.ser', 6, 131, 1),
(177, '2013-04-13 11:50:33', '2013-04-13 11:50:33', '5_2013-04-13 11:50:33_2013-04-13 11:50:33.ser', 7, 5, 1),
(178, '2013-04-13 11:50:34', '2013-04-13 11:50:34', '11_2013-04-13 11:50:34_2013-04-13 11:50:34.ser', 7, 11, 1),
(179, '2013-04-13 11:50:34', '2013-04-13 11:50:34', '21_2013-04-13 11:50:34_2013-04-13 11:50:34.ser', 7, 21, 1),
(180, '2013-04-13 11:50:34', '2013-04-13 11:50:34', '31_2013-04-13 11:50:34_2013-04-13 11:50:34.ser', 7, 31, 1),
(181, '2013-04-13 11:50:34', '2013-04-13 11:50:35', '41_2013-04-13 11:50:34_2013-04-13 11:50:35.ser', 7, 41, 1),
(182, '2013-04-13 11:50:35', '2013-04-13 11:50:35', '51_2013-04-13 11:50:35_2013-04-13 11:50:35.ser', 7, 51, 1),
(183, '2013-04-13 11:50:35', '2013-04-13 11:50:36', '61_2013-04-13 11:50:35_2013-04-13 11:50:36.ser', 7, 61, 1),
(184, '2013-04-13 11:50:36', '2013-04-13 11:50:36', '71_2013-04-13 11:50:36_2013-04-13 11:50:36.ser', 7, 71, 1),
(185, '2013-04-13 11:50:36', '2013-04-13 11:50:37', '81_2013-04-13 11:50:36_2013-04-13 11:50:37.ser', 7, 81, 1),
(186, '2013-04-13 11:50:38', '2013-04-13 11:50:38', '111_2013-04-13 11:50:38_2013-04-13 11:50:38.ser', 7, 111, 1),
(187, '2013-04-13 11:50:38', '2013-04-13 11:50:39', '121_2013-04-13 11:50:38_2013-04-13 11:50:39.ser', 7, 121, 1),
(188, '2013-04-13 11:50:39', '2013-04-13 11:50:39', '131_2013-04-13 11:50:39_2013-04-13 11:50:39.ser', 7, 131, 1),
(189, '2013-04-13 11:50:39', '2013-04-13 11:50:39', '141_2013-04-13 11:50:39_2013-04-13 11:50:39.ser', 7, 141, 1),
(190, '2013-04-13 11:50:40', '2013-04-13 11:50:40', '151_2013-04-13 11:50:40_2013-04-13 11:50:40.ser', 7, 151, 1),
(191, '2013-04-13 11:50:40', '2013-04-13 11:50:40', '161_2013-04-13 11:50:40_2013-04-13 11:50:40.ser', 7, 161, 1),
(192, '2013-04-13 11:50:41', '2013-04-13 11:50:42', '191_2013-04-13 11:50:41_2013-04-13 11:50:42.ser', 7, 191, 1),
(193, '2013-04-13 11:50:42', '2013-04-13 11:50:42', '201_2013-04-13 11:50:42_2013-04-13 11:50:42.ser', 7, 201, 1),
(194, '2013-04-13 11:50:42', '2013-04-13 11:50:43', '211_2013-04-13 11:50:42_2013-04-13 11:50:43.ser', 7, 211, 1),
(195, '2013-04-13 11:50:43', '2013-04-13 11:50:43', '221_2013-04-13 11:50:43_2013-04-13 11:50:43.ser', 7, 221, 1),
(196, '2013-04-13 12:04:43', '2013-04-13 12:04:43', '11_2013-04-13 12:04:43_2013-04-13 12:04:43.ser', 8, 11, 1),
(197, '2013-04-13 12:04:44', '2013-04-13 12:04:44', '21_2013-04-13 12:04:44_2013-04-13 12:04:44.ser', 8, 21, 1),
(198, '2013-04-13 12:04:44', '2013-04-13 12:04:44', '31_2013-04-13 12:04:44_2013-04-13 12:04:44.ser', 8, 31, 1),
(199, '2013-04-13 12:04:45', '2013-04-13 12:04:45', '41_2013-04-13 12:04:45_2013-04-13 12:04:45.ser', 8, 41, 1),
(200, '2013-04-13 12:04:45', '2013-04-13 12:04:45', '51_2013-04-13 12:04:45_2013-04-13 12:04:45.ser', 8, 51, 1),
(201, '2013-04-13 12:04:45', '2013-04-13 12:04:46', '61_2013-04-13 12:04:45_2013-04-13 12:04:46.ser', 8, 61, 1),
(202, '2013-04-13 12:04:46', '2013-04-13 12:04:46', '71_2013-04-13 12:04:46_2013-04-13 12:04:46.ser', 8, 71, 1),
(203, '2013-04-13 12:04:46', '2013-04-13 12:04:47', '81_2013-04-13 12:04:46_2013-04-13 12:04:47.ser', 8, 81, 1),
(204, '2013-04-13 12:04:47', '2013-04-13 12:04:47', '92_2013-04-13 12:04:47_2013-04-13 12:04:47.ser', 8, 92, 1),
(205, '2013-04-13 12:04:47', '2013-04-13 12:04:48', '101_2013-04-13 12:04:47_2013-04-13 12:04:48.ser', 8, 101, 1),
(206, '2013-04-13 12:04:48', '2013-04-13 12:04:48', '111_2013-04-13 12:04:48_2013-04-13 12:04:48.ser', 8, 111, 1),
(207, '2013-04-13 12:04:48', '2013-04-13 12:04:49', '121_2013-04-13 12:04:48_2013-04-13 12:04:49.ser', 8, 121, 1),
(208, '2013-04-13 12:04:49', '2013-04-13 12:04:49', '131_2013-04-13 12:04:49_2013-04-13 12:04:49.ser', 8, 131, 1),
(209, '2013-04-13 12:04:49', '2013-04-13 12:04:49', '141_2013-04-13 12:04:49_2013-04-13 12:04:49.ser', 8, 141, 1),
(210, '2013-04-13 12:04:50', '2013-04-13 12:04:50', '151_2013-04-13 12:04:50_2013-04-13 12:04:50.ser', 8, 151, 1),
(211, '2013-04-13 12:04:50', '2013-04-13 12:04:50', '161_2013-04-13 12:04:50_2013-04-13 12:04:50.ser', 8, 161, 1),
(212, '2013-04-13 12:04:51', '2013-04-13 12:04:51', '171_2013-04-13 12:04:51_2013-04-13 12:04:51.ser', 8, 171, 1),
(213, '2013-04-13 12:04:51', '2013-04-13 12:04:51', '181_2013-04-13 12:04:51_2013-04-13 12:04:51.ser', 8, 181, 1),
(214, '2013-04-13 12:04:52', '2013-04-13 12:04:52', '191_2013-04-13 12:04:52_2013-04-13 12:04:52.ser', 8, 191, 1),
(215, '2013-04-13 12:04:52', '2013-04-13 12:04:52', '201_2013-04-13 12:04:52_2013-04-13 12:04:52.ser', 8, 201, 1),
(216, '2013-04-13 12:04:52', '2013-04-13 12:04:53', '211_2013-04-13 12:04:52_2013-04-13 12:04:53.ser', 8, 211, 1),
(217, '2013-04-13 12:04:53', '2013-04-13 12:04:53', '221_2013-04-13 12:04:53_2013-04-13 12:04:53.ser', 8, 221, 1),
(218, '2013-04-13 12:04:53', '2013-04-13 12:04:54', '231_2013-04-13 12:04:53_2013-04-13 12:04:54.ser', 8, 231, 1),
(219, '2013-04-13 12:04:54', '2013-04-13 12:04:54', '241_2013-04-13 12:04:54_2013-04-13 12:04:54.ser', 8, 241, 1),
(220, '2013-04-13 12:04:54', '2013-04-13 12:04:55', '251_2013-04-13 12:04:54_2013-04-13 12:04:55.ser', 8, 251, 1),
(221, '2013-04-13 12:04:55', '2013-04-13 12:04:55', '261_2013-04-13 12:04:55_2013-04-13 12:04:55.ser', 8, 261, 1),
(222, '2013-04-13 12:04:55', '2013-04-13 12:04:56', '271_2013-04-13 12:04:55_2013-04-13 12:04:56.ser', 8, 271, 1),
(223, '2013-04-13 12:04:56', '2013-04-13 12:04:56', '281_2013-04-13 12:04:56_2013-04-13 12:04:56.ser', 8, 281, 1),
(224, '2013-04-13 12:04:56', '2013-04-13 12:04:57', '291_2013-04-13 12:04:56_2013-04-13 12:04:57.ser', 8, 291, 1),
(225, '2013-04-13 12:04:57', '2013-04-13 12:04:57', '301_2013-04-13 12:04:57_2013-04-13 12:04:57.ser', 8, 301, 1),
(226, '2013-04-13 12:04:57', '2013-04-13 12:04:57', '311_2013-04-13 12:04:57_2013-04-13 12:04:57.ser', 8, 311, 1),
(227, '2013-04-13 12:04:58', '2013-04-13 12:04:58', '321_2013-04-13 12:04:58_2013-04-13 12:04:58.ser', 8, 321, 1),
(228, '2013-04-13 12:04:58', '2013-04-13 12:04:58', '331_2013-04-13 12:04:58_2013-04-13 12:04:58.ser', 8, 331, 1),
(229, '2013-04-13 12:04:59', '2013-04-13 12:04:59', '341_2013-04-13 12:04:59_2013-04-13 12:04:59.ser', 8, 341, 1),
(230, '2013-04-13 12:04:59', '2013-04-13 12:04:59', '351_2013-04-13 12:04:59_2013-04-13 12:04:59.ser', 8, 351, 1),
(231, '2013-04-13 12:04:59', '2013-04-13 12:05:00', '361_2013-04-13 12:04:59_2013-04-13 12:05:00.ser', 8, 361, 1),
(232, '2013-04-13 12:05:00', '2013-04-13 12:05:00', '371_2013-04-13 12:05:00_2013-04-13 12:05:00.ser', 8, 371, 1),
(233, '2013-04-13 12:05:00', '2013-04-13 12:05:01', '381_2013-04-13 12:05:00_2013-04-13 12:05:01.ser', 8, 381, 1),
(234, '2013-04-13 12:05:01', '2013-04-13 12:05:01', '391_2013-04-13 12:05:01_2013-04-13 12:05:01.ser', 8, 391, 1),
(235, '2013-04-13 12:05:01', '2013-04-13 12:05:02', '401_2013-04-13 12:05:01_2013-04-13 12:05:02.ser', 8, 401, 1),
(236, '2013-04-13 12:05:02', '2013-04-13 12:05:02', '411_2013-04-13 12:05:02_2013-04-13 12:05:02.ser', 8, 411, 1),
(237, '2013-04-13 12:05:02', '2013-04-13 12:05:03', '421_2013-04-13 12:05:02_2013-04-13 12:05:03.ser', 8, 421, 1),
(238, '2013-04-13 12:05:03', '2013-04-13 12:05:03', '431_2013-04-13 12:05:03_2013-04-13 12:05:03.ser', 8, 431, 1),
(239, '2013-04-13 12:05:03', '2013-04-13 12:05:03', '441_2013-04-13 12:05:03_2013-04-13 12:05:03.ser', 8, 441, 1),
(240, '2013-04-13 12:05:04', '2013-04-13 12:05:04', '451_2013-04-13 12:05:04_2013-04-13 12:05:04.ser', 8, 451, 1),
(241, '2013-04-13 12:05:04', '2013-04-13 12:05:04', '461_2013-04-13 12:05:04_2013-04-13 12:05:04.ser', 8, 461, 1),
(242, '2013-04-13 12:05:05', '2013-04-13 12:05:05', '471_2013-04-13 12:05:05_2013-04-13 12:05:05.ser', 8, 471, 1),
(243, '2013-04-13 12:05:05', '2013-04-13 12:05:05', '481_2013-04-13 12:05:05_2013-04-13 12:05:05.ser', 8, 481, 1),
(244, '2013-04-13 12:05:05', '2013-04-13 12:05:06', '491_2013-04-13 12:05:05_2013-04-13 12:05:06.ser', 8, 491, 1),
(245, '2013-04-13 12:05:06', '2013-04-13 12:05:06', '501_2013-04-13 12:05:06_2013-04-13 12:05:06.ser', 8, 501, 1),
(246, '2013-04-13 12:05:06', '2013-04-13 12:05:07', '511_2013-04-13 12:05:06_2013-04-13 12:05:07.ser', 8, 511, 1),
(247, '2013-04-13 12:05:07', '2013-04-13 12:05:07', '521_2013-04-13 12:05:07_2013-04-13 12:05:07.ser', 8, 521, 1),
(248, '2013-04-13 12:05:07', '2013-04-13 12:05:08', '531_2013-04-13 12:05:07_2013-04-13 12:05:08.ser', 8, 531, 1),
(249, '2013-04-13 12:05:08', '2013-04-13 12:05:08', '541_2013-04-13 12:05:08_2013-04-13 12:05:08.ser', 8, 541, 1),
(250, '2013-04-13 12:05:08', '2013-04-13 12:05:09', '551_2013-04-13 12:05:08_2013-04-13 12:05:09.ser', 8, 551, 1),
(251, '2013-04-13 12:05:09', '2013-04-13 12:05:09', '561_2013-04-13 12:05:09_2013-04-13 12:05:09.ser', 8, 561, 1),
(252, '2013-04-13 12:05:09', '2013-04-13 12:05:10', '571_2013-04-13 12:05:09_2013-04-13 12:05:10.ser', 8, 571, 1),
(253, '2013-04-13 12:05:10', '2013-04-13 12:05:10', '581_2013-04-13 12:05:10_2013-04-13 12:05:10.ser', 8, 581, 1),
(254, '2013-04-13 12:05:10', '2013-04-13 12:05:10', '591_2013-04-13 12:05:10_2013-04-13 12:05:10.ser', 8, 591, 1),
(255, '2013-04-13 12:05:11', '2013-04-13 12:05:11', '601_2013-04-13 12:05:11_2013-04-13 12:05:11.ser', 8, 601, 1),
(256, '2013-04-13 12:05:11', '2013-04-13 12:05:11', '611_2013-04-13 12:05:11_2013-04-13 12:05:11.ser', 8, 611, 1),
(257, '2013-04-13 12:05:11', '2013-04-13 12:05:12', '621_2013-04-13 12:05:11_2013-04-13 12:05:12.ser', 8, 621, 1),
(258, '2013-04-13 12:05:12', '2013-04-13 12:05:12', '631_2013-04-13 12:05:12_2013-04-13 12:05:12.ser', 8, 631, 1),
(259, '2013-04-13 12:05:12', '2013-04-13 12:05:13', '641_2013-04-13 12:05:12_2013-04-13 12:05:13.ser', 8, 641, 1),
(260, '2013-04-13 12:05:13', '2013-04-13 12:05:13', '651_2013-04-13 12:05:13_2013-04-13 12:05:13.ser', 8, 651, 1),
(261, '2013-04-13 12:05:13', '2013-04-13 12:05:14', '661_2013-04-13 12:05:13_2013-04-13 12:05:14.ser', 8, 661, 1),
(262, '2013-04-13 12:05:14', '2013-04-13 12:05:14', '671_2013-04-13 12:05:14_2013-04-13 12:05:14.ser', 8, 671, 1),
(263, '2013-04-13 12:40:42', '2013-04-13 12:40:42', '5_2013-04-13 12:40:42_2013-04-13 12:40:42.ser', 9, 5, 1),
(264, '2013-04-13 12:40:43', '2013-04-13 12:40:43', '11_2013-04-13 12:40:43_2013-04-13 12:40:43.ser', 9, 11, 1),
(265, '2013-04-13 12:40:43', '2013-04-13 12:40:43', '21_2013-04-13 12:40:43_2013-04-13 12:40:43.ser', 9, 21, 1),
(266, '2013-04-13 12:40:43', '2013-04-13 12:40:44', '31_2013-04-13 12:40:43_2013-04-13 12:40:44.ser', 9, 31, 1),
(267, '2013-04-13 12:40:44', '2013-04-13 12:40:44', '41_2013-04-13 12:40:44_2013-04-13 12:40:44.ser', 9, 41, 1),
(268, '2013-04-13 12:40:44', '2013-04-13 12:40:45', '51_2013-04-13 12:40:44_2013-04-13 12:40:45.ser', 9, 51, 1),
(269, '2013-04-13 12:40:45', '2013-04-13 12:40:45', '61_2013-04-13 12:40:45_2013-04-13 12:40:45.ser', 9, 61, 1),
(270, '2013-04-13 12:40:45', '2013-04-13 12:40:46', '71_2013-04-13 12:40:45_2013-04-13 12:40:46.ser', 9, 71, 1),
(271, '2013-04-13 12:40:46', '2013-04-13 12:40:46', '81_2013-04-13 12:40:46_2013-04-13 12:40:46.ser', 9, 81, 1),
(272, '2013-04-13 12:40:46', '2013-04-13 12:40:47', '91_2013-04-13 12:40:46_2013-04-13 12:40:47.ser', 9, 91, 1),
(273, '2013-04-13 12:40:47', '2013-04-13 12:40:47', '101_2013-04-13 12:40:47_2013-04-13 12:40:47.ser', 9, 101, 1),
(274, '2013-04-13 12:40:47', '2013-04-13 12:40:47', '111_2013-04-13 12:40:47_2013-04-13 12:40:47.ser', 9, 111, 1),
(275, '2013-04-13 12:40:48', '2013-04-13 12:40:48', '121_2013-04-13 12:40:48_2013-04-13 12:40:48.ser', 9, 121, 1),
(276, '2013-04-13 12:40:48', '2013-04-13 12:40:48', '131_2013-04-13 12:40:48_2013-04-13 12:40:48.ser', 9, 131, 1),
(277, '2013-04-13 12:40:48', '2013-04-13 12:40:49', '141_2013-04-13 12:40:48_2013-04-13 12:40:49.ser', 9, 141, 1),
(278, '2013-04-13 12:40:49', '2013-04-13 12:40:49', '151_2013-04-13 12:40:49_2013-04-13 12:40:49.ser', 9, 151, 1),
(279, '2013-04-13 12:40:49', '2013-04-13 12:40:50', '161_2013-04-13 12:40:49_2013-04-13 12:40:50.ser', 9, 161, 1),
(280, '2013-04-13 12:40:50', '2013-04-13 12:40:50', '171_2013-04-13 12:40:50_2013-04-13 12:40:50.ser', 9, 171, 1),
(281, '2013-04-13 12:40:50', '2013-04-13 12:40:51', '181_2013-04-13 12:40:50_2013-04-13 12:40:51.ser', 9, 181, 1),
(282, '2013-04-13 12:40:51', '2013-04-13 12:40:51', '191_2013-04-13 12:40:51_2013-04-13 12:40:51.ser', 9, 191, 1),
(283, '2013-04-13 12:40:51', '2013-04-13 12:40:52', '201_2013-04-13 12:40:51_2013-04-13 12:40:52.ser', 9, 201, 1),
(284, '2013-04-13 12:40:52', '2013-04-13 12:40:52', '211_2013-04-13 12:40:52_2013-04-13 12:40:52.ser', 9, 211, 1),
(285, '2013-04-13 12:40:52', '2013-04-13 12:40:53', '221_2013-04-13 12:40:52_2013-04-13 12:40:53.ser', 9, 221, 1),
(286, '2013-04-13 12:40:53', '2013-04-13 12:40:53', '231_2013-04-13 12:40:53_2013-04-13 12:40:53.ser', 9, 231, 1),
(287, '2013-04-13 12:40:53', '2013-04-13 12:40:53', '241_2013-04-13 12:40:53_2013-04-13 12:40:53.ser', 9, 241, 1),
(288, '2013-04-13 12:40:54', '2013-04-13 12:40:54', '251_2013-04-13 12:40:54_2013-04-13 12:40:54.ser', 9, 251, 1),
(289, '2013-04-13 12:40:54', '2013-04-13 12:40:54', '261_2013-04-13 12:40:54_2013-04-13 12:40:54.ser', 9, 261, 1),
(290, '2013-04-13 12:40:54', '2013-04-13 12:40:55', '271_2013-04-13 12:40:54_2013-04-13 12:40:55.ser', 9, 271, 1),
(291, '2013-04-13 12:40:55', '2013-04-13 12:40:55', '281_2013-04-13 12:40:55_2013-04-13 12:40:55.ser', 9, 281, 1),
(292, '2013-04-13 12:40:55', '2013-04-13 12:40:56', '291_2013-04-13 12:40:55_2013-04-13 12:40:56.ser', 9, 291, 1),
(293, '2013-04-13 12:40:56', '2013-04-13 12:40:56', '301_2013-04-13 12:40:56_2013-04-13 12:40:56.ser', 9, 301, 1),
(294, '2013-04-13 12:40:56', '2013-04-13 12:40:57', '311_2013-04-13 12:40:56_2013-04-13 12:40:57.ser', 9, 311, 1),
(295, '2013-04-13 12:40:57', '2013-04-13 12:40:57', '321_2013-04-13 12:40:57_2013-04-13 12:40:57.ser', 9, 321, 1),
(296, '2013-04-13 12:40:57', '2013-04-13 12:40:58', '331_2013-04-13 12:40:57_2013-04-13 12:40:58.ser', 9, 331, 1),
(297, '2013-04-13 12:40:58', '2013-04-13 12:40:58', '341_2013-04-13 12:40:58_2013-04-13 12:40:58.ser', 9, 341, 1),
(298, '2013-04-13 12:40:58', '2013-04-13 12:40:59', '351_2013-04-13 12:40:58_2013-04-13 12:40:59.ser', 9, 351, 1),
(299, '2013-04-13 12:40:59', '2013-04-13 12:40:59', '361_2013-04-13 12:40:59_2013-04-13 12:40:59.ser', 9, 361, 1),
(300, '2013-04-13 12:40:59', '2013-04-13 12:41:00', '371_2013-04-13 12:40:59_2013-04-13 12:41:00.ser', 9, 371, 1),
(301, '2013-04-13 12:41:00', '2013-04-13 12:41:00', '381_2013-04-13 12:41:00_2013-04-13 12:41:00.ser', 9, 381, 1),
(302, '2013-04-13 12:41:00', '2013-04-13 12:41:00', '391_2013-04-13 12:41:00_2013-04-13 12:41:00.ser', 9, 391, 1),
(303, '2013-04-13 12:41:01', '2013-04-13 12:41:01', '401_2013-04-13 12:41:01_2013-04-13 12:41:01.ser', 9, 401, 1),
(304, '2013-04-13 12:41:01', '2013-04-13 12:41:01', '411_2013-04-13 12:41:01_2013-04-13 12:41:01.ser', 9, 411, 1),
(305, '2013-04-13 12:41:01', '2013-04-13 12:41:02', '421_2013-04-13 12:41:01_2013-04-13 12:41:02.ser', 9, 421, 1),
(306, '2013-04-13 12:41:02', '2013-04-13 12:41:02', '431_2013-04-13 12:41:02_2013-04-13 12:41:02.ser', 9, 431, 1),
(307, '2013-04-13 12:41:02', '2013-04-13 12:41:03', '441_2013-04-13 12:41:02_2013-04-13 12:41:03.ser', 9, 441, 1),
(308, '2013-04-13 12:41:03', '2013-04-13 12:41:03', '451_2013-04-13 12:41:03_2013-04-13 12:41:03.ser', 9, 451, 1),
(309, '2013-04-13 12:41:03', '2013-04-13 12:41:04', '461_2013-04-13 12:41:03_2013-04-13 12:41:04.ser', 9, 461, 1),
(310, '2013-04-13 12:41:04', '2013-04-13 12:41:04', '471_2013-04-13 12:41:04_2013-04-13 12:41:04.ser', 9, 471, 1),
(311, '2013-04-13 12:41:04', '2013-04-13 12:41:05', '481_2013-04-13 12:41:04_2013-04-13 12:41:05.ser', 9, 481, 1),
(312, '2013-04-13 12:41:05', '2013-04-13 12:41:05', '491_2013-04-13 12:41:05_2013-04-13 12:41:05.ser', 9, 491, 1),
(313, '2013-04-13 12:41:05', '2013-04-13 12:41:06', '502_2013-04-13 12:41:05_2013-04-13 12:41:06.ser', 9, 502, 1),
(314, '2013-04-13 12:41:06', '2013-04-13 12:41:06', '511_2013-04-13 12:41:06_2013-04-13 12:41:06.ser', 9, 511, 1),
(315, '2013-04-13 12:41:06', '2013-04-13 12:41:06', '521_2013-04-13 12:41:06_2013-04-13 12:41:06.ser', 9, 521, 1),
(316, '2013-04-13 12:41:07', '2013-04-13 12:41:07', '531_2013-04-13 12:41:07_2013-04-13 12:41:07.ser', 9, 531, 1),
(317, '2013-04-13 12:41:07', '2013-04-13 12:41:07', '541_2013-04-13 12:41:07_2013-04-13 12:41:07.ser', 9, 541, 1),
(318, '2013-04-13 12:41:08', '2013-04-13 12:41:08', '551_2013-04-13 12:41:08_2013-04-13 12:41:08.ser', 9, 551, 1),
(319, '2013-04-13 12:41:08', '2013-04-13 12:41:08', '561_2013-04-13 12:41:08_2013-04-13 12:41:08.ser', 9, 561, 1),
(320, '2013-04-13 12:41:08', '2013-04-13 12:41:09', '571_2013-04-13 12:41:08_2013-04-13 12:41:09.ser', 9, 571, 1),
(321, '2013-04-13 12:41:09', '2013-04-13 12:41:09', '581_2013-04-13 12:41:09_2013-04-13 12:41:09.ser', 9, 581, 1),
(322, '2013-04-13 12:41:09', '2013-04-13 12:41:10', '591_2013-04-13 12:41:09_2013-04-13 12:41:10.ser', 9, 591, 1),
(323, '2013-04-13 12:41:10', '2013-04-13 12:41:10', '601_2013-04-13 12:41:10_2013-04-13 12:41:10.ser', 9, 601, 1),
(324, '2013-04-13 12:41:10', '2013-04-13 12:41:11', '611_2013-04-13 12:41:10_2013-04-13 12:41:11.ser', 9, 611, 1),
(325, '2013-04-13 12:41:11', '2013-04-13 12:41:11', '621_2013-04-13 12:41:11_2013-04-13 12:41:11.ser', 9, 621, 1),
(326, '2013-04-13 12:41:11', '2013-04-13 12:41:12', '631_2013-04-13 12:41:11_2013-04-13 12:41:12.ser', 9, 631, 1),
(327, '2013-04-13 12:41:12', '2013-04-13 12:41:12', '641_2013-04-13 12:41:12_2013-04-13 12:41:12.ser', 9, 641, 1),
(328, '2013-04-13 12:42:56', '2013-04-13 12:42:56', '8_2013-04-13 12:42:56_2013-04-13 12:42:56.ser', 10, 8, 1),
(329, '2013-04-13 12:42:56', '2013-04-13 12:42:56', '11_2013-04-13 12:42:56_2013-04-13 12:42:56.ser', 10, 11, 1),
(330, '2013-04-13 12:42:56', '2013-04-13 12:42:57', '21_2013-04-13 12:42:56_2013-04-13 12:42:57.ser', 10, 21, 1),
(331, '2013-04-13 12:42:57', '2013-04-13 12:42:57', '31_2013-04-13 12:42:57_2013-04-13 12:42:57.ser', 10, 31, 1),
(332, '2013-04-13 12:42:57', '2013-04-13 12:42:58', '43_2013-04-13 12:42:57_2013-04-13 12:42:58.ser', 10, 43, 1),
(333, '2013-04-13 12:42:58', '2013-04-13 12:42:58', '51_2013-04-13 12:42:58_2013-04-13 12:42:58.ser', 10, 51, 1),
(334, '2013-04-13 12:42:58', '2013-04-13 12:42:59', '61_2013-04-13 12:42:58_2013-04-13 12:42:59.ser', 10, 61, 1),
(335, '2013-04-13 12:42:59', '2013-04-13 12:42:59', '71_2013-04-13 12:42:59_2013-04-13 12:42:59.ser', 10, 71, 1),
(336, '2013-04-13 12:42:59', '2013-04-13 12:42:59', '82_2013-04-13 12:42:59_2013-04-13 12:42:59.ser', 10, 82, 1),
(337, '2013-04-13 12:43:00', '2013-04-13 12:43:00', '91_2013-04-13 12:43:00_2013-04-13 12:43:00.ser', 10, 91, 1),
(338, '2013-04-13 12:43:00', '2013-04-13 12:43:00', '101_2013-04-13 12:43:00_2013-04-13 12:43:00.ser', 10, 101, 1),
(339, '2013-04-13 12:43:01', '2013-04-13 12:43:01', '111_2013-04-13 12:43:01_2013-04-13 12:43:01.ser', 10, 111, 1),
(340, '2013-04-13 12:43:01', '2013-04-13 12:43:01', '121_2013-04-13 12:43:01_2013-04-13 12:43:01.ser', 10, 121, 1),
(341, '2013-04-13 12:43:01', '2013-04-13 12:43:02', '131_2013-04-13 12:43:01_2013-04-13 12:43:02.ser', 10, 131, 1),
(342, '2013-04-13 12:43:02', '2013-04-13 12:43:02', '141_2013-04-13 12:43:02_2013-04-13 12:43:02.ser', 10, 141, 1),
(343, '2013-04-13 12:43:02', '2013-04-13 12:43:03', '151_2013-04-13 12:43:02_2013-04-13 12:43:03.ser', 10, 151, 1),
(344, '2013-04-13 12:43:03', '2013-04-13 12:43:03', '161_2013-04-13 12:43:03_2013-04-13 12:43:03.ser', 10, 161, 1),
(345, '2013-04-13 12:43:03', '2013-04-13 12:43:04', '171_2013-04-13 12:43:03_2013-04-13 12:43:04.ser', 10, 171, 1),
(346, '2013-04-13 12:43:04', '2013-04-13 12:43:04', '181_2013-04-13 12:43:04_2013-04-13 12:43:04.ser', 10, 181, 1),
(347, '2013-04-13 12:43:04', '2013-04-13 12:43:05', '191_2013-04-13 12:43:04_2013-04-13 12:43:05.ser', 10, 191, 1),
(348, '2013-04-13 12:43:05', '2013-04-13 12:43:05', '201_2013-04-13 12:43:05_2013-04-13 12:43:05.ser', 10, 201, 1),
(349, '2013-04-13 12:43:05', '2013-04-13 12:43:06', '211_2013-04-13 12:43:05_2013-04-13 12:43:06.ser', 10, 211, 1),
(350, '2013-04-13 12:43:06', '2013-04-13 12:43:06', '221_2013-04-13 12:43:06_2013-04-13 12:43:06.ser', 10, 221, 1),
(351, '2013-04-13 12:43:06', '2013-04-13 12:43:06', '231_2013-04-13 12:43:06_2013-04-13 12:43:06.ser', 10, 231, 1),
(352, '2013-04-13 12:43:07', '2013-04-13 12:43:07', '241_2013-04-13 12:43:07_2013-04-13 12:43:07.ser', 10, 241, 1),
(353, '2013-04-13 12:43:07', '2013-04-13 12:43:07', '251_2013-04-13 12:43:07_2013-04-13 12:43:07.ser', 10, 251, 1),
(354, '2013-04-13 12:43:07', '2013-04-13 12:43:08', '261_2013-04-13 12:43:07_2013-04-13 12:43:08.ser', 10, 261, 1),
(355, '2013-04-13 12:43:08', '2013-04-13 12:43:08', '271_2013-04-13 12:43:08_2013-04-13 12:43:08.ser', 10, 271, 1),
(356, '2013-04-13 12:43:08', '2013-04-13 12:43:09', '281_2013-04-13 12:43:08_2013-04-13 12:43:09.ser', 10, 281, 1),
(357, '2013-04-13 12:45:29', '2013-04-13 12:45:29', '9_2013-04-13 12:45:29_2013-04-13 12:45:29.ser', 11, 9, 1),
(358, '2013-04-13 12:45:29', '2013-04-13 12:45:30', '11_2013-04-13 12:45:29_2013-04-13 12:45:30.ser', 11, 11, 1),
(359, '2013-04-13 12:45:30', '2013-04-13 12:45:30', '21_2013-04-13 12:45:30_2013-04-13 12:45:30.ser', 11, 21, 1),
(360, '2013-04-13 12:45:30', '2013-04-13 12:45:31', '31_2013-04-13 12:45:30_2013-04-13 12:45:31.ser', 11, 31, 1),
(361, '2013-04-13 12:45:31', '2013-04-13 12:45:31', '41_2013-04-13 12:45:31_2013-04-13 12:45:31.ser', 11, 41, 1),
(362, '2013-04-13 12:45:31', '2013-04-13 12:45:32', '51_2013-04-13 12:45:31_2013-04-13 12:45:32.ser', 11, 51, 1),
(363, '2013-04-13 12:45:32', '2013-04-13 12:45:32', '61_2013-04-13 12:45:32_2013-04-13 12:45:32.ser', 11, 61, 1),
(364, '2013-04-13 12:45:32', '2013-04-13 12:45:32', '71_2013-04-13 12:45:32_2013-04-13 12:45:32.ser', 11, 71, 1),
(365, '2013-04-13 12:45:33', '2013-04-13 12:45:33', '81_2013-04-13 12:45:33_2013-04-13 12:45:33.ser', 11, 81, 1),
(366, '2013-04-13 12:45:33', '2013-04-13 12:45:33', '91_2013-04-13 12:45:33_2013-04-13 12:45:33.ser', 11, 91, 1),
(367, '2013-04-13 12:45:34', '2013-04-13 12:45:34', '101_2013-04-13 12:45:34_2013-04-13 12:45:34.ser', 11, 101, 1),
(368, '2013-04-13 12:45:34', '2013-04-13 12:45:34', '111_2013-04-13 12:45:34_2013-04-13 12:45:34.ser', 11, 111, 1),
(369, '2013-04-13 12:45:35', '2013-04-13 12:45:35', '121_2013-04-13 12:45:35_2013-04-13 12:45:35.ser', 11, 121, 1),
(370, '2013-04-13 12:45:35', '2013-04-13 12:45:35', '131_2013-04-13 12:45:35_2013-04-13 12:45:35.ser', 11, 131, 1),
(371, '2013-04-13 12:45:36', '2013-04-13 12:45:36', '141_2013-04-13 12:45:36_2013-04-13 12:45:36.ser', 11, 141, 1),
(372, '2013-04-13 12:45:36', '2013-04-13 12:45:36', '151_2013-04-13 12:45:36_2013-04-13 12:45:36.ser', 11, 151, 1),
(373, '2013-04-13 12:45:36', '2013-04-13 12:45:37', '161_2013-04-13 12:45:36_2013-04-13 12:45:37.ser', 11, 161, 1),
(374, '2013-04-13 12:45:37', '2013-04-13 12:45:37', '171_2013-04-13 12:45:37_2013-04-13 12:45:37.ser', 11, 171, 1),
(375, '2013-04-13 12:45:37', '2013-04-13 12:45:38', '181_2013-04-13 12:45:37_2013-04-13 12:45:38.ser', 11, 181, 1),
(376, '2013-04-13 12:45:38', '2013-04-13 12:45:38', '191_2013-04-13 12:45:38_2013-04-13 12:45:38.ser', 11, 191, 1),
(377, '2013-04-13 12:45:38', '2013-04-13 12:45:39', '201_2013-04-13 12:45:38_2013-04-13 12:45:39.ser', 11, 201, 1),
(378, '2013-04-13 12:45:39', '2013-04-13 12:45:39', '211_2013-04-13 12:45:39_2013-04-13 12:45:39.ser', 11, 211, 1),
(379, '2013-04-13 12:45:39', '2013-04-13 12:45:39', '221_2013-04-13 12:45:39_2013-04-13 12:45:39.ser', 11, 221, 1),
(380, '2013-04-13 12:45:40', '2013-04-13 12:45:40', '231_2013-04-13 12:45:40_2013-04-13 12:45:40.ser', 11, 231, 1),
(381, '2013-04-13 12:45:40', '2013-04-13 12:45:40', '241_2013-04-13 12:45:40_2013-04-13 12:45:40.ser', 11, 241, 1),
(382, '2013-04-13 12:45:41', '2013-04-13 12:45:41', '251_2013-04-13 12:45:41_2013-04-13 12:45:41.ser', 11, 251, 1),
(383, '2013-04-13 12:45:41', '2013-04-13 12:45:41', '261_2013-04-13 12:45:41_2013-04-13 12:45:41.ser', 11, 261, 1),
(384, '2013-04-13 12:45:41', '2013-04-13 12:45:42', '271_2013-04-13 12:45:41_2013-04-13 12:45:42.ser', 11, 271, 1),
(385, '2013-04-13 12:45:42', '2013-04-13 12:45:42', '281_2013-04-13 12:45:42_2013-04-13 12:45:42.ser', 11, 281, 1),
(386, '2013-04-13 12:45:42', '2013-04-13 12:45:43', '291_2013-04-13 12:45:42_2013-04-13 12:45:43.ser', 11, 291, 1),
(387, '2013-04-13 12:45:43', '2013-04-13 12:45:43', '301_2013-04-13 12:45:43_2013-04-13 12:45:43.ser', 11, 301, 1),
(388, '2013-04-13 12:45:43', '2013-04-13 12:45:44', '311_2013-04-13 12:45:43_2013-04-13 12:45:44.ser', 11, 311, 1),
(389, '2013-04-13 12:45:44', '2013-04-13 12:45:44', '321_2013-04-13 12:45:44_2013-04-13 12:45:44.ser', 11, 321, 1),
(390, '2013-04-13 12:45:44', '2013-04-13 12:45:45', '331_2013-04-13 12:45:44_2013-04-13 12:45:45.ser', 11, 331, 1),
(391, '2013-04-13 12:45:45', '2013-04-13 12:45:45', '341_2013-04-13 12:45:45_2013-04-13 12:45:45.ser', 11, 341, 1),
(392, '2013-04-13 12:45:45', '2013-04-13 12:45:45', '351_2013-04-13 12:45:45_2013-04-13 12:45:45.ser', 11, 351, 1),
(393, '2013-04-13 12:45:46', '2013-04-13 12:45:46', '361_2013-04-13 12:45:46_2013-04-13 12:45:46.ser', 11, 361, 1),
(394, '2013-04-13 12:45:46', '2013-04-13 12:45:46', '371_2013-04-13 12:45:46_2013-04-13 12:45:46.ser', 11, 371, 1),
(395, '2013-04-13 12:45:47', '2013-04-13 12:45:47', '381_2013-04-13 12:45:47_2013-04-13 12:45:47.ser', 11, 381, 1),
(396, '2013-04-13 12:45:47', '2013-04-13 12:45:47', '391_2013-04-13 12:45:47_2013-04-13 12:45:47.ser', 11, 391, 1),
(397, '2013-04-13 12:45:48', '2013-04-13 12:45:48', '401_2013-04-13 12:45:48_2013-04-13 12:45:48.ser', 11, 401, 1),
(398, '2013-04-13 12:45:48', '2013-04-13 12:45:48', '411_2013-04-13 12:45:48_2013-04-13 12:45:48.ser', 11, 411, 1),
(399, '2013-04-13 12:45:48', '2013-04-13 12:45:49', '421_2013-04-13 12:45:48_2013-04-13 12:45:49.ser', 11, 421, 1),
(400, '2013-04-13 12:45:49', '2013-04-13 12:45:49', '431_2013-04-13 12:45:49_2013-04-13 12:45:49.ser', 11, 431, 1),
(401, '2013-04-13 12:45:49', '2013-04-13 12:45:50', '441_2013-04-13 12:45:49_2013-04-13 12:45:50.ser', 11, 441, 1),
(402, '2013-04-13 12:45:50', '2013-04-13 12:45:50', '451_2013-04-13 12:45:50_2013-04-13 12:45:50.ser', 11, 451, 1),
(403, '2013-04-13 12:45:50', '2013-04-13 12:45:51', '461_2013-04-13 12:45:50_2013-04-13 12:45:51.ser', 11, 461, 1),
(404, '2013-04-13 12:45:51', '2013-04-13 12:45:51', '471_2013-04-13 12:45:51_2013-04-13 12:45:51.ser', 11, 471, 1),
(405, '2013-04-13 12:45:51', '2013-04-13 12:45:52', '481_2013-04-13 12:45:51_2013-04-13 12:45:52.ser', 11, 481, 1),
(406, '2013-04-13 12:45:52', '2013-04-13 12:45:52', '491_2013-04-13 12:45:52_2013-04-13 12:45:52.ser', 11, 491, 1),
(407, '2013-04-13 12:45:52', '2013-04-13 12:45:52', '501_2013-04-13 12:45:52_2013-04-13 12:45:52.ser', 11, 501, 1),
(408, '2013-04-13 12:45:53', '2013-04-13 12:45:53', '511_2013-04-13 12:45:53_2013-04-13 12:45:53.ser', 11, 511, 1),
(409, '2013-04-13 12:45:53', '2013-04-13 12:45:53', '521_2013-04-13 12:45:53_2013-04-13 12:45:53.ser', 11, 521, 1),
(410, '2013-04-13 12:45:53', '2013-04-13 12:45:54', '531_2013-04-13 12:45:53_2013-04-13 12:45:54.ser', 11, 531, 1),
(411, '2013-04-13 12:45:54', '2013-04-13 12:45:54', '541_2013-04-13 12:45:54_2013-04-13 12:45:54.ser', 11, 541, 1),
(412, '2013-04-13 12:45:54', '2013-04-13 12:45:55', '551_2013-04-13 12:45:54_2013-04-13 12:45:55.ser', 11, 551, 1),
(413, '2013-04-13 12:45:55', '2013-04-13 12:45:55', '561_2013-04-13 12:45:55_2013-04-13 12:45:55.ser', 11, 561, 1),
(414, '2013-04-13 12:45:55', '2013-04-13 12:45:56', '571_2013-04-13 12:45:55_2013-04-13 12:45:56.ser', 11, 571, 1),
(415, '2013-04-13 12:45:56', '2013-04-13 12:45:56', '581_2013-04-13 12:45:56_2013-04-13 12:45:56.ser', 11, 581, 1),
(416, '2013-04-13 12:45:56', '2013-04-13 12:45:57', '591_2013-04-13 12:45:56_2013-04-13 12:45:57.ser', 11, 591, 1),
(417, '2013-04-13 12:45:57', '2013-04-13 12:45:57', '601_2013-04-13 12:45:57_2013-04-13 12:45:57.ser', 11, 601, 1),
(418, '2013-04-13 12:45:57', '2013-04-13 12:45:58', '611_2013-04-13 12:45:57_2013-04-13 12:45:58.ser', 11, 611, 1),
(419, '2013-04-13 12:45:58', '2013-04-13 12:45:58', '621_2013-04-13 12:45:58_2013-04-13 12:45:58.ser', 11, 621, 1),
(420, '2013-04-13 12:45:58', '2013-04-13 12:45:58', '631_2013-04-13 12:45:58_2013-04-13 12:45:58.ser', 11, 631, 1),
(421, '2013-04-13 12:45:59', '2013-04-13 12:45:59', '641_2013-04-13 12:45:59_2013-04-13 12:45:59.ser', 11, 641, 1),
(422, '2013-04-13 12:45:59', '2013-04-13 12:45:59', '651_2013-04-13 12:45:59_2013-04-13 12:45:59.ser', 11, 651, 1),
(423, '2013-04-13 12:46:00', '2013-04-13 12:46:00', '661_2013-04-13 12:46:00_2013-04-13 12:46:00.ser', 11, 661, 1),
(424, '2013-04-13 12:46:00', '2013-04-13 12:46:00', '671_2013-04-13 12:46:00_2013-04-13 12:46:00.ser', 11, 671, 1),
(425, '2013-04-13 12:49:09', '2013-04-13 12:49:09', '8_2013-04-13 12:49:09_2013-04-13 12:49:09.ser', 12, 8, 1),
(426, '2013-04-13 12:49:09', '2013-04-13 12:49:10', '11_2013-04-13 12:49:09_2013-04-13 12:49:10.ser', 12, 11, 1),
(427, '2013-04-13 12:49:10', '2013-04-13 12:49:10', '21_2013-04-13 12:49:10_2013-04-13 12:49:10.ser', 12, 21, 1),
(428, '2013-04-13 12:49:10', '2013-04-13 12:49:11', '31_2013-04-13 12:49:10_2013-04-13 12:49:11.ser', 12, 31, 1),
(429, '2013-04-13 12:49:11', '2013-04-13 12:49:11', '41_2013-04-13 12:49:11_2013-04-13 12:49:11.ser', 12, 41, 1),
(430, '2013-04-13 12:49:11', '2013-04-13 12:49:12', '51_2013-04-13 12:49:11_2013-04-13 12:49:12.ser', 12, 51, 1),
(431, '2013-04-13 12:49:12', '2013-04-13 12:49:12', '61_2013-04-13 12:49:12_2013-04-13 12:49:12.ser', 12, 61, 1),
(432, '2013-04-13 12:49:12', '2013-04-13 12:49:12', '71_2013-04-13 12:49:12_2013-04-13 12:49:12.ser', 12, 71, 1),
(433, '2013-04-13 12:49:13', '2013-04-13 12:49:13', '81_2013-04-13 12:49:13_2013-04-13 12:49:13.ser', 12, 81, 1),
(434, '2013-04-13 12:49:13', '2013-04-13 12:49:13', '91_2013-04-13 12:49:13_2013-04-13 12:49:13.ser', 12, 91, 1),
(435, '2013-04-13 12:49:13', '2013-04-13 12:49:14', '101_2013-04-13 12:49:13_2013-04-13 12:49:14.ser', 12, 101, 1),
(436, '2013-04-13 12:49:14', '2013-04-13 12:49:14', '113_2013-04-13 12:49:14_2013-04-13 12:49:14.ser', 12, 113, 1),
(437, '2013-04-13 12:49:14', '2013-04-13 12:49:15', '121_2013-04-13 12:49:14_2013-04-13 12:49:15.ser', 12, 121, 1),
(438, '2013-04-13 12:49:15', '2013-04-13 12:49:15', '131_2013-04-13 12:49:15_2013-04-13 12:49:15.ser', 12, 131, 1),
(439, '2013-04-13 12:49:15', '2013-04-13 12:49:16', '141_2013-04-13 12:49:15_2013-04-13 12:49:16.ser', 12, 141, 1),
(440, '2013-04-13 12:49:16', '2013-04-13 12:49:16', '151_2013-04-13 12:49:16_2013-04-13 12:49:16.ser', 12, 151, 1);
INSERT INTO `hash_set` (`id`, `start_timestamp`, `stop_timestamp`, `url`, `parent`, `start_real_time`, `parent_type`) VALUES
(441, '2013-04-13 12:49:16', '2013-04-13 12:49:17', '161_2013-04-13 12:49:16_2013-04-13 12:49:17.ser', 12, 161, 1),
(442, '2013-04-13 12:49:17', '2013-04-13 12:49:17', '171_2013-04-13 12:49:17_2013-04-13 12:49:17.ser', 12, 171, 1),
(443, '2013-04-13 12:49:17', '2013-04-13 12:49:18', '181_2013-04-13 12:49:17_2013-04-13 12:49:18.ser', 12, 181, 1),
(444, '2013-04-13 12:49:18', '2013-04-13 12:49:18', '191_2013-04-13 12:49:18_2013-04-13 12:49:18.ser', 12, 191, 1),
(445, '2013-04-13 12:49:18', '2013-04-13 12:49:18', '201_2013-04-13 12:49:18_2013-04-13 12:49:18.ser', 12, 201, 1),
(446, '2013-04-13 12:49:19', '2013-04-13 12:49:19', '211_2013-04-13 12:49:19_2013-04-13 12:49:19.ser', 12, 211, 1),
(447, '2013-04-13 12:49:19', '2013-04-13 12:49:19', '221_2013-04-13 12:49:19_2013-04-13 12:49:19.ser', 12, 221, 1),
(448, '2013-04-13 12:49:20', '2013-04-13 12:49:20', '231_2013-04-13 12:49:20_2013-04-13 12:49:20.ser', 12, 231, 1),
(449, '2013-04-13 12:49:20', '2013-04-13 12:49:20', '241_2013-04-13 12:49:20_2013-04-13 12:49:20.ser', 12, 241, 1),
(450, '2013-04-13 12:49:20', '2013-04-13 12:49:21', '251_2013-04-13 12:49:20_2013-04-13 12:49:21.ser', 12, 251, 1),
(451, '2013-04-13 12:49:21', '2013-04-13 12:49:21', '261_2013-04-13 12:49:21_2013-04-13 12:49:21.ser', 12, 261, 1),
(452, '2013-04-13 12:49:21', '2013-04-13 12:49:22', '271_2013-04-13 12:49:21_2013-04-13 12:49:22.ser', 12, 271, 1),
(453, '2013-04-13 12:49:22', '2013-04-13 12:49:22', '281_2013-04-13 12:49:22_2013-04-13 12:49:22.ser', 12, 281, 1),
(454, '2013-04-13 12:49:22', '2013-04-13 12:49:23', '291_2013-04-13 12:49:22_2013-04-13 12:49:23.ser', 12, 291, 1),
(455, '2013-04-13 12:49:23', '2013-04-13 12:49:23', '301_2013-04-13 12:49:23_2013-04-13 12:49:23.ser', 12, 301, 1),
(456, '2013-04-13 12:49:23', '2013-04-13 12:49:24', '311_2013-04-13 12:49:23_2013-04-13 12:49:24.ser', 12, 311, 1),
(457, '2013-04-13 12:49:24', '2013-04-13 12:49:24', '321_2013-04-13 12:49:24_2013-04-13 12:49:24.ser', 12, 321, 1),
(458, '2013-04-13 12:49:24', '2013-04-13 12:49:25', '331_2013-04-13 12:49:24_2013-04-13 12:49:25.ser', 12, 331, 1),
(459, '2013-04-13 12:49:25', '2013-04-13 12:49:25', '341_2013-04-13 12:49:25_2013-04-13 12:49:25.ser', 12, 341, 1),
(460, '2013-04-13 12:49:25', '2013-04-13 12:49:25', '351_2013-04-13 12:49:25_2013-04-13 12:49:25.ser', 12, 351, 1),
(461, '2013-04-13 12:49:26', '2013-04-13 12:49:26', '361_2013-04-13 12:49:26_2013-04-13 12:49:26.ser', 12, 361, 1),
(462, '2013-04-13 12:49:26', '2013-04-13 12:49:26', '371_2013-04-13 12:49:26_2013-04-13 12:49:26.ser', 12, 371, 1),
(463, '2013-04-13 12:49:27', '2013-04-13 12:49:27', '381_2013-04-13 12:49:27_2013-04-13 12:49:27.ser', 12, 381, 1),
(464, '2013-04-13 12:49:27', '2013-04-13 12:49:27', '391_2013-04-13 12:49:27_2013-04-13 12:49:27.ser', 12, 391, 1),
(465, '2013-04-13 12:49:27', '2013-04-13 12:49:28', '401_2013-04-13 12:49:27_2013-04-13 12:49:28.ser', 12, 401, 1),
(466, '2013-04-13 12:49:28', '2013-04-13 12:49:28', '411_2013-04-13 12:49:28_2013-04-13 12:49:28.ser', 12, 411, 1),
(467, '2013-04-13 12:49:28', '2013-04-13 12:49:29', '421_2013-04-13 12:49:28_2013-04-13 12:49:29.ser', 12, 421, 1),
(468, '2013-04-13 12:49:29', '2013-04-13 12:49:29', '431_2013-04-13 12:49:29_2013-04-13 12:49:29.ser', 12, 431, 1),
(469, '2013-04-13 12:49:29', '2013-04-13 12:49:30', '441_2013-04-13 12:49:29_2013-04-13 12:49:30.ser', 12, 441, 1),
(470, '2013-04-13 12:49:30', '2013-04-13 12:49:30', '451_2013-04-13 12:49:30_2013-04-13 12:49:30.ser', 12, 451, 1),
(471, '2013-04-13 12:49:30', '2013-04-13 12:49:31', '461_2013-04-13 12:49:30_2013-04-13 12:49:31.ser', 12, 461, 1),
(472, '2013-04-13 12:49:31', '2013-04-13 12:49:31', '471_2013-04-13 12:49:31_2013-04-13 12:49:31.ser', 12, 471, 1),
(473, '2013-04-13 12:49:31', '2013-04-13 12:49:31', '481_2013-04-13 12:49:31_2013-04-13 12:49:31.ser', 12, 481, 1),
(474, '2013-04-13 12:49:32', '2013-04-13 12:49:32', '491_2013-04-13 12:49:32_2013-04-13 12:49:32.ser', 12, 491, 1),
(475, '2013-04-13 12:49:32', '2013-04-13 12:49:32', '501_2013-04-13 12:49:32_2013-04-13 12:49:32.ser', 12, 501, 1),
(476, '2013-04-13 12:49:33', '2013-04-13 12:49:33', '511_2013-04-13 12:49:33_2013-04-13 12:49:33.ser', 12, 511, 1),
(477, '2013-04-13 12:49:33', '2013-04-13 12:49:33', '521_2013-04-13 12:49:33_2013-04-13 12:49:33.ser', 12, 521, 1),
(478, '2013-04-13 12:49:34', '2013-04-13 12:49:34', '531_2013-04-13 12:49:34_2013-04-13 12:49:34.ser', 12, 531, 1),
(479, '2013-04-13 12:49:34', '2013-04-13 12:49:34', '541_2013-04-13 12:49:34_2013-04-13 12:49:34.ser', 12, 541, 1),
(480, '2013-04-13 12:49:34', '2013-04-13 12:49:35', '551_2013-04-13 12:49:34_2013-04-13 12:49:35.ser', 12, 551, 1),
(481, '2013-04-13 12:49:35', '2013-04-13 12:49:35', '561_2013-04-13 12:49:35_2013-04-13 12:49:35.ser', 12, 561, 1),
(482, '2013-04-13 12:49:35', '2013-04-13 12:49:36', '571_2013-04-13 12:49:35_2013-04-13 12:49:36.ser', 12, 571, 1),
(483, '2013-04-13 12:49:36', '2013-04-13 12:49:36', '581_2013-04-13 12:49:36_2013-04-13 12:49:36.ser', 12, 581, 1),
(484, '2013-04-13 12:49:36', '2013-04-13 12:49:37', '591_2013-04-13 12:49:36_2013-04-13 12:49:37.ser', 12, 591, 1),
(485, '2013-04-13 12:49:37', '2013-04-13 12:49:37', '601_2013-04-13 12:49:37_2013-04-13 12:49:37.ser', 12, 601, 1),
(486, '2013-04-13 12:49:37', '2013-04-13 12:49:38', '611_2013-04-13 12:49:37_2013-04-13 12:49:38.ser', 12, 611, 1),
(487, '2013-04-13 12:49:38', '2013-04-13 12:49:38', '621_2013-04-13 12:49:38_2013-04-13 12:49:38.ser', 12, 621, 1),
(488, '2013-04-13 12:49:38', '2013-04-13 12:49:38', '631_2013-04-13 12:49:38_2013-04-13 12:49:38.ser', 12, 631, 1),
(489, '2013-04-13 12:49:39', '2013-04-13 12:49:39', '641_2013-04-13 12:49:39_2013-04-13 12:49:39.ser', 12, 641, 1),
(490, '2013-04-13 12:49:39', '2013-04-13 12:49:39', '651_2013-04-13 12:49:39_2013-04-13 12:49:39.ser', 12, 651, 1),
(491, '2013-04-13 12:49:39', '2013-04-13 12:49:40', '661_2013-04-13 12:49:39_2013-04-13 12:49:40.ser', 12, 661, 1),
(492, '2013-04-13 12:49:40', '2013-04-13 12:49:40', '671_2013-04-13 12:49:40_2013-04-13 12:49:40.ser', 12, 671, 1),
(493, '2013-04-13 12:50:49', '2013-04-13 12:50:49', '8_2013-04-13 12:50:49_2013-04-13 12:50:49.ser', 13, 8, 1),
(494, '2013-04-13 12:50:50', '2013-04-13 12:50:50', '11_2013-04-13 12:50:50_2013-04-13 12:50:50.ser', 13, 11, 1),
(495, '2013-04-13 12:50:50', '2013-04-13 12:50:50', '21_2013-04-13 12:50:50_2013-04-13 12:50:50.ser', 13, 21, 1),
(496, '2013-04-13 12:50:51', '2013-04-13 12:50:51', '31_2013-04-13 12:50:51_2013-04-13 12:50:51.ser', 13, 31, 1),
(497, '2013-04-13 12:50:51', '2013-04-13 12:50:51', '41_2013-04-13 12:50:51_2013-04-13 12:50:51.ser', 13, 41, 1),
(498, '2013-04-13 12:50:52', '2013-04-13 12:50:52', '51_2013-04-13 12:50:52_2013-04-13 12:50:52.ser', 13, 51, 1),
(499, '2013-04-13 12:50:52', '2013-04-13 12:50:52', '61_2013-04-13 12:50:52_2013-04-13 12:50:52.ser', 13, 61, 1),
(500, '2013-04-13 12:50:52', '2013-04-13 12:50:53', '71_2013-04-13 12:50:52_2013-04-13 12:50:53.ser', 13, 71, 1),
(501, '2013-04-13 12:50:53', '2013-04-13 12:50:53', '82_2013-04-13 12:50:53_2013-04-13 12:50:53.ser', 13, 82, 1),
(502, '2013-04-13 12:50:53', '2013-04-13 12:50:54', '91_2013-04-13 12:50:53_2013-04-13 12:50:54.ser', 13, 91, 1),
(503, '2013-04-13 12:50:54', '2013-04-13 12:50:54', '101_2013-04-13 12:50:54_2013-04-13 12:50:54.ser', 13, 101, 1),
(504, '2013-04-13 12:50:54', '2013-04-13 12:50:55', '111_2013-04-13 12:50:54_2013-04-13 12:50:55.ser', 13, 111, 1),
(505, '2013-04-13 12:50:55', '2013-04-13 12:50:55', '121_2013-04-13 12:50:55_2013-04-13 12:50:55.ser', 13, 121, 1),
(506, '2013-04-13 12:50:55', '2013-04-13 12:50:56', '131_2013-04-13 12:50:55_2013-04-13 12:50:56.ser', 13, 131, 1),
(507, '2013-04-13 12:50:56', '2013-04-13 12:50:56', '141_2013-04-13 12:50:56_2013-04-13 12:50:56.ser', 13, 141, 1),
(508, '2013-04-13 12:50:56', '2013-04-13 12:50:56', '151_2013-04-13 12:50:56_2013-04-13 12:50:56.ser', 13, 151, 1),
(509, '2013-04-13 12:50:57', '2013-04-13 12:50:57', '161_2013-04-13 12:50:57_2013-04-13 12:50:57.ser', 13, 161, 1),
(510, '2013-04-13 12:50:57', '2013-04-13 12:50:57', '171_2013-04-13 12:50:57_2013-04-13 12:50:57.ser', 13, 171, 1),
(511, '2013-04-13 12:50:58', '2013-04-13 12:50:58', '181_2013-04-13 12:50:58_2013-04-13 12:50:58.ser', 13, 181, 1),
(512, '2013-04-13 12:50:58', '2013-04-13 12:50:58', '191_2013-04-13 12:50:58_2013-04-13 12:50:58.ser', 13, 191, 1),
(513, '2013-04-13 12:50:58', '2013-04-13 12:50:59', '201_2013-04-13 12:50:58_2013-04-13 12:50:59.ser', 13, 201, 1),
(514, '2013-04-13 12:50:59', '2013-04-13 12:50:59', '211_2013-04-13 12:50:59_2013-04-13 12:50:59.ser', 13, 211, 1),
(515, '2013-04-13 12:50:59', '2013-04-13 12:51:00', '221_2013-04-13 12:50:59_2013-04-13 12:51:00.ser', 13, 221, 1),
(516, '2013-04-13 12:51:00', '2013-04-13 12:51:00', '231_2013-04-13 12:51:00_2013-04-13 12:51:00.ser', 13, 231, 1),
(517, '2013-04-13 12:51:00', '2013-04-13 12:51:01', '241_2013-04-13 12:51:00_2013-04-13 12:51:01.ser', 13, 241, 1),
(518, '2013-04-13 12:51:01', '2013-04-13 12:51:01', '251_2013-04-13 12:51:01_2013-04-13 12:51:01.ser', 13, 251, 1),
(519, '2013-04-13 12:51:01', '2013-04-13 12:51:02', '261_2013-04-13 12:51:01_2013-04-13 12:51:02.ser', 13, 261, 1),
(520, '2013-04-13 12:51:02', '2013-04-13 12:51:02', '271_2013-04-13 12:51:02_2013-04-13 12:51:02.ser', 13, 271, 1),
(521, '2013-04-13 12:51:02', '2013-04-13 12:51:02', '281_2013-04-13 12:51:02_2013-04-13 12:51:02.ser', 13, 281, 1),
(522, '2013-04-13 12:51:03', '2013-04-13 12:51:03', '291_2013-04-13 12:51:03_2013-04-13 12:51:03.ser', 13, 291, 1),
(523, '2013-04-13 12:51:03', '2013-04-13 12:51:03', '301_2013-04-13 12:51:03_2013-04-13 12:51:03.ser', 13, 301, 1),
(524, '2013-04-13 12:51:04', '2013-04-13 12:51:04', '311_2013-04-13 12:51:04_2013-04-13 12:51:04.ser', 13, 311, 1),
(525, '2013-04-13 12:51:04', '2013-04-13 12:51:04', '321_2013-04-13 12:51:04_2013-04-13 12:51:04.ser', 13, 321, 1),
(526, '2013-04-13 12:51:05', '2013-04-13 12:51:05', '331_2013-04-13 12:51:05_2013-04-13 12:51:05.ser', 13, 331, 1),
(527, '2013-04-13 12:51:05', '2013-04-13 12:51:05', '341_2013-04-13 12:51:05_2013-04-13 12:51:05.ser', 13, 341, 1),
(528, '2013-04-13 12:51:05', '2013-04-13 12:51:06', '351_2013-04-13 12:51:05_2013-04-13 12:51:06.ser', 13, 351, 1),
(529, '2013-04-13 12:51:06', '2013-04-13 12:51:06', '361_2013-04-13 12:51:06_2013-04-13 12:51:06.ser', 13, 361, 1),
(530, '2013-04-13 12:51:06', '2013-04-13 12:51:07', '371_2013-04-13 12:51:06_2013-04-13 12:51:07.ser', 13, 371, 1),
(531, '2013-04-13 12:51:07', '2013-04-13 12:51:07', '381_2013-04-13 12:51:07_2013-04-13 12:51:07.ser', 13, 381, 1),
(532, '2013-04-13 12:51:07', '2013-04-13 12:51:08', '391_2013-04-13 12:51:07_2013-04-13 12:51:08.ser', 13, 391, 1),
(533, '2013-04-13 12:51:08', '2013-04-13 12:51:08', '401_2013-04-13 12:51:08_2013-04-13 12:51:08.ser', 13, 401, 1),
(534, '2013-04-13 12:51:08', '2013-04-13 12:51:09', '411_2013-04-13 12:51:08_2013-04-13 12:51:09.ser', 13, 411, 1),
(535, '2013-04-13 12:51:09', '2013-04-13 12:51:09', '421_2013-04-13 12:51:09_2013-04-13 12:51:09.ser', 13, 421, 1),
(536, '2013-04-13 12:51:09', '2013-04-13 12:51:09', '431_2013-04-13 12:51:09_2013-04-13 12:51:09.ser', 13, 431, 1),
(537, '2013-04-13 12:51:10', '2013-04-13 12:51:10', '441_2013-04-13 12:51:10_2013-04-13 12:51:10.ser', 13, 441, 1),
(538, '2013-04-13 12:51:10', '2013-04-13 12:51:10', '451_2013-04-13 12:51:10_2013-04-13 12:51:10.ser', 13, 451, 1),
(539, '2013-04-13 12:51:10', '2013-04-13 12:51:11', '461_2013-04-13 12:51:10_2013-04-13 12:51:11.ser', 13, 461, 1),
(540, '2013-04-13 12:51:11', '2013-04-13 12:51:11', '471_2013-04-13 12:51:11_2013-04-13 12:51:11.ser', 13, 471, 1),
(541, '2013-04-13 12:51:11', '2013-04-13 12:51:12', '481_2013-04-13 12:51:11_2013-04-13 12:51:12.ser', 13, 481, 1),
(542, '2013-04-13 12:51:12', '2013-04-13 12:51:12', '491_2013-04-13 12:51:12_2013-04-13 12:51:12.ser', 13, 491, 1),
(543, '2013-04-13 12:51:12', '2013-04-13 12:51:13', '501_2013-04-13 12:51:12_2013-04-13 12:51:13.ser', 13, 501, 1),
(544, '2013-04-13 12:51:13', '2013-04-13 12:51:13', '511_2013-04-13 12:51:13_2013-04-13 12:51:13.ser', 13, 511, 1),
(545, '2013-04-13 12:51:13', '2013-04-13 12:51:14', '521_2013-04-13 12:51:13_2013-04-13 12:51:14.ser', 13, 521, 1),
(546, '2013-04-13 12:51:14', '2013-04-13 12:51:14', '531_2013-04-13 12:51:14_2013-04-13 12:51:14.ser', 13, 531, 1),
(547, '2013-04-13 12:51:14', '2013-04-13 12:51:15', '541_2013-04-13 12:51:14_2013-04-13 12:51:15.ser', 13, 541, 1),
(548, '2013-04-13 12:51:15', '2013-04-13 12:51:15', '551_2013-04-13 12:51:15_2013-04-13 12:51:15.ser', 13, 551, 1),
(549, '2013-04-13 12:51:15', '2013-04-13 12:51:16', '561_2013-04-13 12:51:15_2013-04-13 12:51:16.ser', 13, 561, 1),
(550, '2013-04-13 12:51:16', '2013-04-13 12:51:16', '571_2013-04-13 12:51:16_2013-04-13 12:51:16.ser', 13, 571, 1),
(551, '2013-04-13 12:51:16', '2013-04-13 12:51:16', '581_2013-04-13 12:51:16_2013-04-13 12:51:16.ser', 13, 581, 1),
(552, '2013-04-13 12:51:17', '2013-04-13 12:51:17', '591_2013-04-13 12:51:17_2013-04-13 12:51:17.ser', 13, 591, 1),
(553, '2013-04-13 12:51:17', '2013-04-13 12:51:17', '601_2013-04-13 12:51:17_2013-04-13 12:51:17.ser', 13, 601, 1),
(554, '2013-04-13 12:51:17', '2013-04-13 12:51:18', '611_2013-04-13 12:51:17_2013-04-13 12:51:18.ser', 13, 611, 1),
(555, '2013-04-13 12:51:18', '2013-04-13 12:51:18', '621_2013-04-13 12:51:18_2013-04-13 12:51:18.ser', 13, 621, 1),
(556, '2013-04-13 12:51:18', '2013-04-13 12:51:19', '631_2013-04-13 12:51:18_2013-04-13 12:51:19.ser', 13, 631, 1),
(557, '2013-04-13 12:51:19', '2013-04-13 12:51:19', '641_2013-04-13 12:51:19_2013-04-13 12:51:19.ser', 13, 641, 1),
(558, '2013-04-13 12:51:19', '2013-04-13 12:51:20', '651_2013-04-13 12:51:19_2013-04-13 12:51:20.ser', 13, 651, 1),
(559, '2013-04-13 12:51:20', '2013-04-13 12:51:20', '661_2013-04-13 12:51:20_2013-04-13 12:51:20.ser', 13, 661, 1),
(560, '2013-04-13 12:51:20', '2013-04-13 12:51:20', '671_2013-04-13 12:51:20_2013-04-13 12:51:20.ser', 13, 671, 1),
(561, '2013-04-13 12:52:23', '2013-04-13 12:52:23', '78_2013-04-13 12:52:23_2013-04-13 12:52:23.ser', 14, 78, 1),
(562, '2013-04-13 12:52:23', '2013-04-13 12:52:24', '81_2013-04-13 12:52:23_2013-04-13 12:52:24.ser', 14, 81, 1),
(563, '2013-04-13 12:52:24', '2013-04-13 12:52:24', '91_2013-04-13 12:52:24_2013-04-13 12:52:24.ser', 14, 91, 1),
(564, '2013-04-13 12:52:24', '2013-04-13 12:52:25', '101_2013-04-13 12:52:24_2013-04-13 12:52:25.ser', 14, 101, 1),
(565, '2013-04-13 12:52:25', '2013-04-13 12:52:25', '111_2013-04-13 12:52:25_2013-04-13 12:52:25.ser', 14, 111, 1),
(566, '2013-04-13 12:52:25', '2013-04-13 12:52:26', '121_2013-04-13 12:52:25_2013-04-13 12:52:26.ser', 14, 121, 1),
(567, '2013-04-13 12:52:26', '2013-04-13 12:52:26', '131_2013-04-13 12:52:26_2013-04-13 12:52:26.ser', 14, 131, 1),
(568, '2013-04-13 12:52:26', '2013-04-13 12:52:27', '141_2013-04-13 12:52:26_2013-04-13 12:52:27.ser', 14, 141, 1),
(569, '2013-04-13 12:52:27', '2013-04-13 12:52:27', '151_2013-04-13 12:52:27_2013-04-13 12:52:27.ser', 14, 151, 1),
(570, '2013-04-13 12:52:27', '2013-04-13 12:52:28', '161_2013-04-13 12:52:27_2013-04-13 12:52:28.ser', 14, 161, 1),
(571, '2013-04-13 12:52:28', '2013-04-13 12:52:28', '171_2013-04-13 12:52:28_2013-04-13 12:52:28.ser', 14, 171, 1),
(572, '2013-04-13 12:52:28', '2013-04-13 12:52:28', '181_2013-04-13 12:52:28_2013-04-13 12:52:28.ser', 14, 181, 1),
(573, '2013-04-13 12:52:29', '2013-04-13 12:52:29', '191_2013-04-13 12:52:29_2013-04-13 12:52:29.ser', 14, 191, 1),
(574, '2013-04-13 12:52:29', '2013-04-13 12:52:29', '201_2013-04-13 12:52:29_2013-04-13 12:52:29.ser', 14, 201, 1),
(575, '2013-04-13 12:52:29', '2013-04-13 12:52:30', '211_2013-04-13 12:52:29_2013-04-13 12:52:30.ser', 14, 211, 1),
(576, '2013-04-13 12:52:30', '2013-04-13 12:52:30', '221_2013-04-13 12:52:30_2013-04-13 12:52:30.ser', 14, 221, 1),
(577, '2013-04-13 12:52:30', '2013-04-13 12:52:31', '231_2013-04-13 12:52:30_2013-04-13 12:52:31.ser', 14, 231, 1),
(578, '2013-04-13 12:52:31', '2013-04-13 12:52:31', '241_2013-04-13 12:52:31_2013-04-13 12:52:31.ser', 14, 241, 1),
(579, '2013-04-13 12:52:31', '2013-04-13 12:52:32', '251_2013-04-13 12:52:31_2013-04-13 12:52:32.ser', 14, 251, 1),
(580, '2013-04-13 12:52:32', '2013-04-13 12:52:32', '263_2013-04-13 12:52:32_2013-04-13 12:52:32.ser', 14, 263, 1),
(581, '2013-04-13 12:52:32', '2013-04-13 12:52:33', '271_2013-04-13 12:52:32_2013-04-13 12:52:33.ser', 14, 271, 1),
(582, '2013-04-13 12:52:33', '2013-04-13 12:52:33', '281_2013-04-13 12:52:33_2013-04-13 12:52:33.ser', 14, 281, 1),
(583, '2013-04-13 12:52:33', '2013-04-13 12:52:34', '291_2013-04-13 12:52:33_2013-04-13 12:52:34.ser', 14, 291, 1),
(584, '2013-04-13 12:52:34', '2013-04-13 12:52:34', '301_2013-04-13 12:52:34_2013-04-13 12:52:34.ser', 14, 301, 1),
(585, '2013-04-13 12:52:34', '2013-04-13 12:52:34', '311_2013-04-13 12:52:34_2013-04-13 12:52:34.ser', 14, 311, 1),
(586, '2013-04-13 12:52:35', '2013-04-13 12:52:35', '321_2013-04-13 12:52:35_2013-04-13 12:52:35.ser', 14, 321, 1),
(587, '2013-04-13 12:52:35', '2013-04-13 12:52:35', '331_2013-04-13 12:52:35_2013-04-13 12:52:35.ser', 14, 331, 1),
(588, '2013-04-13 12:52:35', '2013-04-13 12:52:36', '341_2013-04-13 12:52:35_2013-04-13 12:52:36.ser', 14, 341, 1),
(589, '2013-04-13 12:52:36', '2013-04-13 12:52:36', '351_2013-04-13 12:52:36_2013-04-13 12:52:36.ser', 14, 351, 1),
(590, '2013-04-13 12:52:36', '2013-04-13 12:52:37', '361_2013-04-13 12:52:36_2013-04-13 12:52:37.ser', 14, 361, 1),
(591, '2013-04-13 12:52:37', '2013-04-13 12:52:37', '371_2013-04-13 12:52:37_2013-04-13 12:52:37.ser', 14, 371, 1),
(592, '2013-04-13 12:52:37', '2013-04-13 12:52:38', '381_2013-04-13 12:52:37_2013-04-13 12:52:38.ser', 14, 381, 1),
(593, '2013-04-13 12:52:38', '2013-04-13 12:52:38', '391_2013-04-13 12:52:38_2013-04-13 12:52:38.ser', 14, 391, 1),
(594, '2013-04-13 12:52:38', '2013-04-13 12:52:39', '401_2013-04-13 12:52:38_2013-04-13 12:52:39.ser', 14, 401, 1),
(595, '2013-04-13 12:52:39', '2013-04-13 12:52:39', '411_2013-04-13 12:52:39_2013-04-13 12:52:39.ser', 14, 411, 1),
(596, '2013-04-13 12:52:39', '2013-04-13 12:52:40', '422_2013-04-13 12:52:39_2013-04-13 12:52:40.ser', 14, 422, 1),
(597, '2013-04-13 12:52:40', '2013-04-13 12:52:40', '433_2013-04-13 12:52:40_2013-04-13 12:52:40.ser', 14, 433, 1),
(598, '2013-04-13 12:52:40', '2013-04-13 12:52:40', '441_2013-04-13 12:52:40_2013-04-13 12:52:40.ser', 14, 441, 1),
(599, '2013-04-13 12:52:41', '2013-04-13 12:52:41', '451_2013-04-13 12:52:41_2013-04-13 12:52:41.ser', 14, 451, 1),
(600, '2013-04-13 12:52:41', '2013-04-13 12:52:41', '461_2013-04-13 12:52:41_2013-04-13 12:52:41.ser', 14, 461, 1),
(601, '2013-04-13 12:52:42', '2013-04-13 12:52:42', '471_2013-04-13 12:52:42_2013-04-13 12:52:42.ser', 14, 471, 1),
(602, '2013-04-13 12:52:42', '2013-04-13 12:52:42', '481_2013-04-13 12:52:42_2013-04-13 12:52:42.ser', 14, 481, 1),
(603, '2013-04-13 12:52:42', '2013-04-13 12:52:43', '491_2013-04-13 12:52:42_2013-04-13 12:52:43.ser', 14, 491, 1),
(604, '2013-04-13 12:52:43', '2013-04-13 12:52:43', '501_2013-04-13 12:52:43_2013-04-13 12:52:43.ser', 14, 501, 1),
(605, '2013-04-13 12:52:43', '2013-04-13 12:52:44', '511_2013-04-13 12:52:43_2013-04-13 12:52:44.ser', 14, 511, 1),
(606, '2013-04-13 12:52:44', '2013-04-13 12:52:44', '521_2013-04-13 12:52:44_2013-04-13 12:52:44.ser', 14, 521, 1),
(607, '2013-04-13 12:52:44', '2013-04-13 12:52:45', '531_2013-04-13 12:52:44_2013-04-13 12:52:45.ser', 14, 531, 1),
(608, '2013-04-13 12:52:45', '2013-04-13 12:52:45', '541_2013-04-13 12:52:45_2013-04-13 12:52:45.ser', 14, 541, 1),
(609, '2013-04-13 12:52:45', '2013-04-13 12:52:46', '551_2013-04-13 12:52:45_2013-04-13 12:52:46.ser', 14, 551, 1),
(610, '2013-04-13 12:52:46', '2013-04-13 12:52:46', '561_2013-04-13 12:52:46_2013-04-13 12:52:46.ser', 14, 561, 1),
(611, '2013-04-13 12:52:46', '2013-04-13 12:52:47', '571_2013-04-13 12:52:46_2013-04-13 12:52:47.ser', 14, 571, 1),
(612, '2013-04-13 12:52:47', '2013-04-13 12:52:47', '581_2013-04-13 12:52:47_2013-04-13 12:52:47.ser', 14, 581, 1),
(613, '2013-04-13 12:52:47', '2013-04-13 12:52:47', '591_2013-04-13 12:52:47_2013-04-13 12:52:47.ser', 14, 591, 1),
(614, '2013-04-13 12:52:48', '2013-04-13 12:52:48', '601_2013-04-13 12:52:48_2013-04-13 12:52:48.ser', 14, 601, 1),
(615, '2013-04-13 12:52:48', '2013-04-13 12:52:48', '611_2013-04-13 12:52:48_2013-04-13 12:52:48.ser', 14, 611, 1),
(616, '2013-04-13 12:52:48', '2013-04-13 12:52:49', '621_2013-04-13 12:52:48_2013-04-13 12:52:49.ser', 14, 621, 1),
(617, '2013-04-13 12:52:49', '2013-04-13 12:52:49', '631_2013-04-13 12:52:49_2013-04-13 12:52:49.ser', 14, 631, 1),
(618, '2013-04-13 12:52:49', '2013-04-13 12:52:50', '641_2013-04-13 12:52:49_2013-04-13 12:52:50.ser', 14, 641, 1),
(619, '2013-04-13 12:52:50', '2013-04-13 12:52:50', '651_2013-04-13 12:52:50_2013-04-13 12:52:50.ser', 14, 651, 1),
(620, '2013-04-13 12:53:55', '2013-04-13 12:53:55', '8_2013-04-13 12:53:55_2013-04-13 12:53:55.ser', 15, 8, 1),
(621, '2013-04-13 12:53:55', '2013-04-13 12:53:55', '11_2013-04-13 12:53:55_2013-04-13 12:53:55.ser', 15, 11, 1),
(622, '2013-04-13 12:53:55', '2013-04-13 12:53:56', '21_2013-04-13 12:53:55_2013-04-13 12:53:56.ser', 15, 21, 1),
(623, '2013-04-13 12:53:56', '2013-04-13 12:53:56', '31_2013-04-13 12:53:56_2013-04-13 12:53:56.ser', 15, 31, 1),
(624, '2013-04-13 12:53:56', '2013-04-13 12:53:57', '41_2013-04-13 12:53:56_2013-04-13 12:53:57.ser', 15, 41, 1),
(625, '2013-04-13 12:53:57', '2013-04-13 12:53:57', '51_2013-04-13 12:53:57_2013-04-13 12:53:57.ser', 15, 51, 1),
(626, '2013-04-13 12:53:57', '2013-04-13 12:53:57', '61_2013-04-13 12:53:57_2013-04-13 12:53:57.ser', 15, 61, 1),
(627, '2013-04-13 12:53:58', '2013-04-13 12:53:58', '71_2013-04-13 12:53:58_2013-04-13 12:53:58.ser', 15, 71, 1),
(628, '2013-04-13 12:53:58', '2013-04-13 12:53:58', '81_2013-04-13 12:53:58_2013-04-13 12:53:58.ser', 15, 81, 1),
(629, '2013-04-13 12:53:58', '2013-04-13 12:53:59', '91_2013-04-13 12:53:58_2013-04-13 12:53:59.ser', 15, 91, 1),
(630, '2013-04-13 12:53:59', '2013-04-13 12:53:59', '101_2013-04-13 12:53:59_2013-04-13 12:53:59.ser', 15, 101, 1),
(631, '2013-04-13 12:53:59', '2013-04-13 12:54:00', '111_2013-04-13 12:53:59_2013-04-13 12:54:00.ser', 15, 111, 1),
(632, '2013-04-13 12:54:00', '2013-04-13 12:54:00', '121_2013-04-13 12:54:00_2013-04-13 12:54:00.ser', 15, 121, 1),
(633, '2013-04-13 12:54:00', '2013-04-13 12:54:01', '131_2013-04-13 12:54:00_2013-04-13 12:54:01.ser', 15, 131, 1),
(634, '2013-04-13 12:54:01', '2013-04-13 12:54:01', '141_2013-04-13 12:54:01_2013-04-13 12:54:01.ser', 15, 141, 1),
(635, '2013-04-13 12:54:01', '2013-04-13 12:54:02', '151_2013-04-13 12:54:01_2013-04-13 12:54:02.ser', 15, 151, 1),
(636, '2013-04-13 12:54:02', '2013-04-13 12:54:02', '161_2013-04-13 12:54:02_2013-04-13 12:54:02.ser', 15, 161, 1),
(637, '2013-04-13 12:54:02', '2013-04-13 12:54:03', '171_2013-04-13 12:54:02_2013-04-13 12:54:03.ser', 15, 171, 1),
(638, '2013-04-13 12:54:03', '2013-04-13 12:54:03', '181_2013-04-13 12:54:03_2013-04-13 12:54:03.ser', 15, 181, 1),
(639, '2013-04-13 12:54:03', '2013-04-13 12:54:03', '191_2013-04-13 12:54:03_2013-04-13 12:54:03.ser', 15, 191, 1),
(640, '2013-04-13 12:54:04', '2013-04-13 12:54:04', '201_2013-04-13 12:54:04_2013-04-13 12:54:04.ser', 15, 201, 1),
(641, '2013-04-13 12:54:04', '2013-04-13 12:54:04', '211_2013-04-13 12:54:04_2013-04-13 12:54:04.ser', 15, 211, 1),
(642, '2013-04-13 12:54:05', '2013-04-13 12:54:05', '221_2013-04-13 12:54:05_2013-04-13 12:54:05.ser', 15, 221, 1),
(643, '2013-04-13 12:54:05', '2013-04-13 12:54:05', '231_2013-04-13 12:54:05_2013-04-13 12:54:05.ser', 15, 231, 1),
(644, '2013-04-13 12:54:05', '2013-04-13 12:54:06', '241_2013-04-13 12:54:05_2013-04-13 12:54:06.ser', 15, 241, 1),
(645, '2013-04-13 12:54:06', '2013-04-13 12:54:06', '251_2013-04-13 12:54:06_2013-04-13 12:54:06.ser', 15, 251, 1),
(646, '2013-04-13 12:54:06', '2013-04-13 12:54:07', '261_2013-04-13 12:54:06_2013-04-13 12:54:07.ser', 15, 261, 1),
(647, '2013-04-13 12:54:07', '2013-04-13 12:54:07', '271_2013-04-13 12:54:07_2013-04-13 12:54:07.ser', 15, 271, 1),
(648, '2013-04-13 12:54:07', '2013-04-13 12:54:08', '281_2013-04-13 12:54:07_2013-04-13 12:54:08.ser', 15, 281, 1),
(649, '2013-04-13 12:54:08', '2013-04-13 12:54:08', '291_2013-04-13 12:54:08_2013-04-13 12:54:08.ser', 15, 291, 1),
(650, '2013-04-13 12:54:08', '2013-04-13 12:54:09', '301_2013-04-13 12:54:08_2013-04-13 12:54:09.ser', 15, 301, 1),
(651, '2013-04-13 12:54:09', '2013-04-13 12:54:09', '311_2013-04-13 12:54:09_2013-04-13 12:54:09.ser', 15, 311, 1),
(652, '2013-04-13 12:54:09', '2013-04-13 12:54:10', '321_2013-04-13 12:54:09_2013-04-13 12:54:10.ser', 15, 321, 1),
(653, '2013-04-13 12:54:10', '2013-04-13 12:54:10', '331_2013-04-13 12:54:10_2013-04-13 12:54:10.ser', 15, 331, 1),
(654, '2013-04-13 12:54:10', '2013-04-13 12:54:10', '341_2013-04-13 12:54:10_2013-04-13 12:54:10.ser', 15, 341, 1),
(655, '2013-04-13 12:54:11', '2013-04-13 12:54:11', '351_2013-04-13 12:54:11_2013-04-13 12:54:11.ser', 15, 351, 1),
(656, '2013-04-13 12:54:11', '2013-04-13 12:54:11', '361_2013-04-13 12:54:11_2013-04-13 12:54:11.ser', 15, 361, 1),
(657, '2013-04-13 12:54:11', '2013-04-13 12:54:12', '371_2013-04-13 12:54:11_2013-04-13 12:54:12.ser', 15, 371, 1),
(658, '2013-04-13 12:54:12', '2013-04-13 12:54:12', '381_2013-04-13 12:54:12_2013-04-13 12:54:12.ser', 15, 381, 1),
(659, '2013-04-13 12:54:12', '2013-04-13 12:54:13', '391_2013-04-13 12:54:12_2013-04-13 12:54:13.ser', 15, 391, 1),
(660, '2013-04-13 12:54:13', '2013-04-13 12:54:13', '401_2013-04-13 12:54:13_2013-04-13 12:54:13.ser', 15, 401, 1),
(661, '2013-04-13 12:54:13', '2013-04-13 12:54:14', '411_2013-04-13 12:54:13_2013-04-13 12:54:14.ser', 15, 411, 1),
(662, '2013-04-13 12:54:14', '2013-04-13 12:54:14', '421_2013-04-13 12:54:14_2013-04-13 12:54:14.ser', 15, 421, 1),
(663, '2013-04-13 12:54:14', '2013-04-13 12:54:15', '431_2013-04-13 12:54:14_2013-04-13 12:54:15.ser', 15, 431, 1),
(664, '2013-04-13 12:54:15', '2013-04-13 12:54:15', '441_2013-04-13 12:54:15_2013-04-13 12:54:15.ser', 15, 441, 1),
(665, '2013-04-13 12:54:15', '2013-04-13 12:54:16', '451_2013-04-13 12:54:15_2013-04-13 12:54:16.ser', 15, 451, 1),
(666, '2013-04-13 12:54:16', '2013-04-13 12:54:16', '461_2013-04-13 12:54:16_2013-04-13 12:54:16.ser', 15, 461, 1),
(667, '2013-04-13 12:54:16', '2013-04-13 12:54:17', '471_2013-04-13 12:54:16_2013-04-13 12:54:17.ser', 15, 471, 1),
(668, '2013-04-13 12:54:17', '2013-04-13 12:54:17', '481_2013-04-13 12:54:17_2013-04-13 12:54:17.ser', 15, 481, 1),
(669, '2013-04-13 12:54:17', '2013-04-13 12:54:17', '491_2013-04-13 12:54:17_2013-04-13 12:54:17.ser', 15, 491, 1),
(670, '2013-04-13 12:54:18', '2013-04-13 12:54:18', '501_2013-04-13 12:54:18_2013-04-13 12:54:18.ser', 15, 501, 1),
(671, '2013-04-13 12:54:18', '2013-04-13 12:54:18', '511_2013-04-13 12:54:18_2013-04-13 12:54:18.ser', 15, 511, 1),
(672, '2013-04-13 12:54:19', '2013-04-13 12:54:19', '521_2013-04-13 12:54:19_2013-04-13 12:54:19.ser', 15, 521, 1),
(673, '2013-04-13 12:54:19', '2013-04-13 12:54:19', '531_2013-04-13 12:54:19_2013-04-13 12:54:19.ser', 15, 531, 1),
(674, '2013-04-13 12:54:19', '2013-04-13 12:54:20', '541_2013-04-13 12:54:19_2013-04-13 12:54:20.ser', 15, 541, 1),
(675, '2013-04-13 12:54:20', '2013-04-13 12:54:20', '551_2013-04-13 12:54:20_2013-04-13 12:54:20.ser', 15, 551, 1),
(676, '2013-04-13 12:54:20', '2013-04-13 12:54:21', '561_2013-04-13 12:54:20_2013-04-13 12:54:21.ser', 15, 561, 1),
(677, '2013-04-13 12:54:21', '2013-04-13 12:54:21', '571_2013-04-13 12:54:21_2013-04-13 12:54:21.ser', 15, 571, 1),
(678, '2013-04-13 12:54:21', '2013-04-13 12:54:22', '581_2013-04-13 12:54:21_2013-04-13 12:54:22.ser', 15, 581, 1),
(679, '2013-04-13 12:54:22', '2013-04-13 12:54:22', '591_2013-04-13 12:54:22_2013-04-13 12:54:22.ser', 15, 591, 1),
(680, '2013-04-13 12:54:22', '2013-04-13 12:54:22', '601_2013-04-13 12:54:22_2013-04-13 12:54:22.ser', 15, 601, 1),
(681, '2013-04-13 12:54:23', '2013-04-13 12:54:23', '611_2013-04-13 12:54:23_2013-04-13 12:54:23.ser', 15, 611, 1),
(682, '2013-04-13 12:54:23', '2013-04-13 12:54:23', '621_2013-04-13 12:54:23_2013-04-13 12:54:23.ser', 15, 621, 1),
(683, '2013-04-13 12:54:24', '2013-04-13 12:54:24', '631_2013-04-13 12:54:24_2013-04-13 12:54:24.ser', 15, 631, 1),
(684, '2013-04-13 12:54:24', '2013-04-13 12:54:24', '641_2013-04-13 12:54:24_2013-04-13 12:54:24.ser', 15, 641, 1),
(685, '2013-04-13 12:54:25', '2013-04-13 12:54:25', '651_2013-04-13 12:54:25_2013-04-13 12:54:25.ser', 15, 651, 1),
(686, '2013-04-13 12:54:25', '2013-04-13 12:54:25', '661_2013-04-13 12:54:25_2013-04-13 12:54:25.ser', 15, 661, 1),
(687, '2013-04-13 12:54:25', '2013-04-13 12:54:25', '671_2013-04-13 12:54:25_2013-04-13 12:54:25.ser', 15, 671, 1),
(688, '2013-04-13 12:59:08', '2013-04-13 12:59:08', '9_2013-04-13 12:59:08_2013-04-13 12:59:08.ser', 16, 9, 1),
(689, '2013-04-13 12:59:08', '2013-04-13 12:59:08', '11_2013-04-13 12:59:08_2013-04-13 12:59:08.ser', 16, 11, 1),
(690, '2013-04-13 12:59:08', '2013-04-13 12:59:09', '21_2013-04-13 12:59:08_2013-04-13 12:59:09.ser', 16, 21, 1),
(691, '2013-04-13 12:59:09', '2013-04-13 12:59:09', '31_2013-04-13 12:59:09_2013-04-13 12:59:09.ser', 16, 31, 1),
(692, '2013-04-13 12:59:09', '2013-04-13 12:59:10', '41_2013-04-13 12:59:09_2013-04-13 12:59:10.ser', 16, 41, 1),
(693, '2013-04-13 12:59:10', '2013-04-13 12:59:10', '51_2013-04-13 12:59:10_2013-04-13 12:59:10.ser', 16, 51, 1),
(694, '2013-04-13 12:59:10', '2013-04-13 12:59:11', '61_2013-04-13 12:59:10_2013-04-13 12:59:11.ser', 16, 61, 1),
(695, '2013-04-13 12:59:11', '2013-04-13 12:59:11', '71_2013-04-13 12:59:11_2013-04-13 12:59:11.ser', 16, 71, 1),
(696, '2013-04-13 12:59:11', '2013-04-13 12:59:12', '81_2013-04-13 12:59:11_2013-04-13 12:59:12.ser', 16, 81, 1),
(697, '2013-04-13 12:59:12', '2013-04-13 12:59:12', '91_2013-04-13 12:59:12_2013-04-13 12:59:12.ser', 16, 91, 1),
(698, '2013-04-13 12:59:12', '2013-04-13 12:59:13', '101_2013-04-13 12:59:12_2013-04-13 12:59:13.ser', 16, 101, 1),
(699, '2013-04-13 12:59:13', '2013-04-13 12:59:13', '111_2013-04-13 12:59:13_2013-04-13 12:59:13.ser', 16, 111, 1),
(700, '2013-04-13 12:59:13', '2013-04-13 12:59:13', '121_2013-04-13 12:59:13_2013-04-13 12:59:13.ser', 16, 121, 1),
(701, '2013-04-13 12:59:14', '2013-04-13 12:59:14', '131_2013-04-13 12:59:14_2013-04-13 12:59:14.ser', 16, 131, 1),
(702, '2013-04-13 12:59:14', '2013-04-13 12:59:14', '141_2013-04-13 12:59:14_2013-04-13 12:59:14.ser', 16, 141, 1),
(703, '2013-04-13 12:59:15', '2013-04-13 12:59:15', '151_2013-04-13 12:59:15_2013-04-13 12:59:15.ser', 16, 151, 1),
(704, '2013-04-13 12:59:15', '2013-04-13 12:59:15', '161_2013-04-13 12:59:15_2013-04-13 12:59:15.ser', 16, 161, 1),
(705, '2013-04-13 12:59:15', '2013-04-13 12:59:16', '171_2013-04-13 12:59:15_2013-04-13 12:59:16.ser', 16, 171, 1),
(706, '2013-04-13 12:59:16', '2013-04-13 12:59:16', '181_2013-04-13 12:59:16_2013-04-13 12:59:16.ser', 16, 181, 1),
(707, '2013-04-13 12:59:16', '2013-04-13 12:59:17', '191_2013-04-13 12:59:16_2013-04-13 12:59:17.ser', 16, 191, 1),
(708, '2013-04-13 12:59:17', '2013-04-13 12:59:17', '201_2013-04-13 12:59:17_2013-04-13 12:59:17.ser', 16, 201, 1),
(709, '2013-04-13 12:59:17', '2013-04-13 12:59:18', '211_2013-04-13 12:59:17_2013-04-13 12:59:18.ser', 16, 211, 1),
(710, '2013-04-13 12:59:18', '2013-04-13 12:59:18', '221_2013-04-13 12:59:18_2013-04-13 12:59:18.ser', 16, 221, 1),
(711, '2013-04-13 12:59:18', '2013-04-13 12:59:19', '231_2013-04-13 12:59:18_2013-04-13 12:59:19.ser', 16, 231, 1),
(712, '2013-04-13 12:59:19', '2013-04-13 12:59:19', '241_2013-04-13 12:59:19_2013-04-13 12:59:19.ser', 16, 241, 1),
(713, '2013-04-13 12:59:19', '2013-04-13 12:59:20', '251_2013-04-13 12:59:19_2013-04-13 12:59:20.ser', 16, 251, 1),
(714, '2013-04-13 12:59:20', '2013-04-13 12:59:20', '261_2013-04-13 12:59:20_2013-04-13 12:59:20.ser', 16, 261, 1),
(715, '2013-04-13 12:59:20', '2013-04-13 12:59:20', '271_2013-04-13 12:59:20_2013-04-13 12:59:20.ser', 16, 271, 1),
(716, '2013-04-13 12:59:21', '2013-04-13 12:59:21', '281_2013-04-13 12:59:21_2013-04-13 12:59:21.ser', 16, 281, 1),
(717, '2013-04-13 12:59:21', '2013-04-13 12:59:21', '291_2013-04-13 12:59:21_2013-04-13 12:59:21.ser', 16, 291, 1),
(718, '2013-04-13 12:59:22', '2013-04-13 12:59:22', '301_2013-04-13 12:59:22_2013-04-13 12:59:22.ser', 16, 301, 1),
(719, '2013-04-13 12:59:22', '2013-04-13 12:59:22', '311_2013-04-13 12:59:22_2013-04-13 12:59:22.ser', 16, 311, 1),
(720, '2013-04-13 12:59:22', '2013-04-13 12:59:23', '321_2013-04-13 12:59:22_2013-04-13 12:59:23.ser', 16, 321, 1),
(721, '2013-04-13 12:59:23', '2013-04-13 12:59:23', '331_2013-04-13 12:59:23_2013-04-13 12:59:23.ser', 16, 331, 1),
(722, '2013-04-13 12:59:23', '2013-04-13 12:59:24', '341_2013-04-13 12:59:23_2013-04-13 12:59:24.ser', 16, 341, 1),
(723, '2013-04-13 12:59:24', '2013-04-13 12:59:24', '351_2013-04-13 12:59:24_2013-04-13 12:59:24.ser', 16, 351, 1),
(724, '2013-04-13 12:59:24', '2013-04-13 12:59:25', '361_2013-04-13 12:59:24_2013-04-13 12:59:25.ser', 16, 361, 1),
(725, '2013-04-13 12:59:25', '2013-04-13 12:59:25', '371_2013-04-13 12:59:25_2013-04-13 12:59:25.ser', 16, 371, 1),
(726, '2013-04-13 12:59:25', '2013-04-13 12:59:26', '381_2013-04-13 12:59:25_2013-04-13 12:59:26.ser', 16, 381, 1),
(727, '2013-04-13 12:59:26', '2013-04-13 12:59:26', '391_2013-04-13 12:59:26_2013-04-13 12:59:26.ser', 16, 391, 1),
(728, '2013-04-13 12:59:26', '2013-04-13 12:59:26', '401_2013-04-13 12:59:26_2013-04-13 12:59:26.ser', 16, 401, 1),
(729, '2013-04-13 12:59:27', '2013-04-13 12:59:27', '411_2013-04-13 12:59:27_2013-04-13 12:59:27.ser', 16, 411, 1),
(730, '2013-04-13 12:59:27', '2013-04-13 12:59:27', '421_2013-04-13 12:59:27_2013-04-13 12:59:27.ser', 16, 421, 1),
(731, '2013-04-13 12:59:28', '2013-04-13 12:59:28', '431_2013-04-13 12:59:28_2013-04-13 12:59:28.ser', 16, 431, 1),
(732, '2013-04-13 12:59:28', '2013-04-13 12:59:28', '441_2013-04-13 12:59:28_2013-04-13 12:59:28.ser', 16, 441, 1),
(733, '2013-04-13 12:59:29', '2013-04-13 12:59:29', '451_2013-04-13 12:59:29_2013-04-13 12:59:29.ser', 16, 451, 1),
(734, '2013-04-13 12:59:29', '2013-04-13 12:59:29', '461_2013-04-13 12:59:29_2013-04-13 12:59:29.ser', 16, 461, 1),
(735, '2013-04-13 12:59:29', '2013-04-13 12:59:30', '471_2013-04-13 12:59:29_2013-04-13 12:59:30.ser', 16, 471, 1),
(736, '2013-04-13 12:59:30', '2013-04-13 12:59:30', '481_2013-04-13 12:59:30_2013-04-13 12:59:30.ser', 16, 481, 1),
(737, '2013-04-13 12:59:30', '2013-04-13 12:59:31', '491_2013-04-13 12:59:30_2013-04-13 12:59:31.ser', 16, 491, 1),
(738, '2013-04-13 12:59:31', '2013-04-13 12:59:31', '501_2013-04-13 12:59:31_2013-04-13 12:59:31.ser', 16, 501, 1),
(739, '2013-04-13 12:59:31', '2013-04-13 12:59:32', '511_2013-04-13 12:59:31_2013-04-13 12:59:32.ser', 16, 511, 1),
(740, '2013-04-13 12:59:32', '2013-04-13 12:59:32', '521_2013-04-13 12:59:32_2013-04-13 12:59:32.ser', 16, 521, 1),
(741, '2013-04-13 12:59:32', '2013-04-13 12:59:33', '531_2013-04-13 12:59:32_2013-04-13 12:59:33.ser', 16, 531, 1),
(742, '2013-04-13 12:59:33', '2013-04-13 12:59:33', '541_2013-04-13 12:59:33_2013-04-13 12:59:33.ser', 16, 541, 1),
(743, '2013-04-13 12:59:33', '2013-04-13 12:59:33', '551_2013-04-13 12:59:33_2013-04-13 12:59:33.ser', 16, 551, 1),
(744, '2013-04-13 12:59:34', '2013-04-13 12:59:34', '561_2013-04-13 12:59:34_2013-04-13 12:59:34.ser', 16, 561, 1),
(745, '2013-04-13 12:59:34', '2013-04-13 12:59:34', '571_2013-04-13 12:59:34_2013-04-13 12:59:34.ser', 16, 571, 1),
(746, '2013-04-13 12:59:34', '2013-04-13 12:59:35', '581_2013-04-13 12:59:34_2013-04-13 12:59:35.ser', 16, 581, 1),
(747, '2013-04-13 12:59:35', '2013-04-13 12:59:35', '591_2013-04-13 12:59:35_2013-04-13 12:59:35.ser', 16, 591, 1),
(748, '2013-04-13 12:59:35', '2013-04-13 12:59:36', '601_2013-04-13 12:59:35_2013-04-13 12:59:36.ser', 16, 601, 1),
(749, '2013-04-13 12:59:36', '2013-04-13 12:59:36', '611_2013-04-13 12:59:36_2013-04-13 12:59:36.ser', 16, 611, 1),
(750, '2013-04-13 12:59:36', '2013-04-13 12:59:37', '621_2013-04-13 12:59:36_2013-04-13 12:59:37.ser', 16, 621, 1),
(751, '2013-04-13 12:59:37', '2013-04-13 12:59:37', '631_2013-04-13 12:59:37_2013-04-13 12:59:37.ser', 16, 631, 1),
(752, '2013-04-13 12:59:37', '2013-04-13 12:59:38', '641_2013-04-13 12:59:37_2013-04-13 12:59:38.ser', 16, 641, 1),
(753, '2013-04-13 12:59:38', '2013-04-13 12:59:38', '651_2013-04-13 12:59:38_2013-04-13 12:59:38.ser', 16, 651, 1),
(754, '2013-04-13 12:59:38', '2013-04-13 12:59:39', '661_2013-04-13 12:59:38_2013-04-13 12:59:39.ser', 16, 661, 1),
(755, '2013-04-13 12:59:39', '2013-04-13 12:59:39', '671_2013-04-13 12:59:39_2013-04-13 12:59:39.ser', 16, 671, 1),
(756, '2013-04-13 12:59:39', '2013-04-13 12:59:39', '681_2013-04-13 12:59:39_2013-04-13 12:59:39.ser', 16, 681, 1),
(757, '2013-04-13 12:59:40', '2013-04-13 12:59:40', '691_2013-04-13 12:59:40_2013-04-13 12:59:40.ser', 16, 691, 1),
(758, '2013-04-13 12:59:40', '2013-04-13 12:59:40', '701_2013-04-13 12:59:40_2013-04-13 12:59:40.ser', 16, 701, 1),
(759, '2013-04-13 12:59:41', '2013-04-13 12:59:41', '711_2013-04-13 12:59:41_2013-04-13 12:59:41.ser', 16, 711, 1),
(760, '2013-04-13 12:59:41', '2013-04-13 12:59:41', '721_2013-04-13 12:59:41_2013-04-13 12:59:41.ser', 16, 721, 1),
(761, '2013-04-13 12:59:41', '2013-04-13 12:59:42', '731_2013-04-13 12:59:41_2013-04-13 12:59:42.ser', 16, 731, 1),
(762, '2013-04-13 12:59:42', '2013-04-13 12:59:42', '741_2013-04-13 12:59:42_2013-04-13 12:59:42.ser', 16, 741, 1),
(763, '2013-04-13 12:59:42', '2013-04-13 12:59:43', '751_2013-04-13 12:59:42_2013-04-13 12:59:43.ser', 16, 751, 1),
(764, '2013-04-13 12:59:43', '2013-04-13 12:59:43', '761_2013-04-13 12:59:43_2013-04-13 12:59:43.ser', 16, 761, 1),
(765, '2013-04-13 12:59:43', '2013-04-13 12:59:44', '771_2013-04-13 12:59:43_2013-04-13 12:59:44.ser', 16, 771, 1),
(766, '2013-04-13 12:59:44', '2013-04-13 12:59:44', '781_2013-04-13 12:59:44_2013-04-13 12:59:44.ser', 16, 781, 1),
(767, '2013-04-13 12:59:44', '2013-04-13 12:59:45', '791_2013-04-13 12:59:44_2013-04-13 12:59:45.ser', 16, 791, 1),
(768, '2013-04-13 12:59:45', '2013-04-13 12:59:45', '801_2013-04-13 12:59:45_2013-04-13 12:59:45.ser', 16, 801, 1),
(769, '2013-04-13 12:59:45', '2013-04-13 12:59:46', '811_2013-04-13 12:59:45_2013-04-13 12:59:46.ser', 16, 811, 1),
(770, '2013-04-13 12:59:46', '2013-04-13 12:59:46', '821_2013-04-13 12:59:46_2013-04-13 12:59:46.ser', 16, 821, 1),
(771, '2013-04-13 12:59:46', '2013-04-13 12:59:46', '831_2013-04-13 12:59:46_2013-04-13 12:59:46.ser', 16, 831, 1),
(772, '2013-04-13 12:59:47', '2013-04-13 12:59:47', '841_2013-04-13 12:59:47_2013-04-13 12:59:47.ser', 16, 841, 1),
(773, '2013-04-13 12:59:47', '2013-04-13 12:59:47', '851_2013-04-13 12:59:47_2013-04-13 12:59:47.ser', 16, 851, 1),
(774, '2013-04-13 12:59:47', '2013-04-13 12:59:48', '861_2013-04-13 12:59:47_2013-04-13 12:59:48.ser', 16, 861, 1),
(775, '2013-04-13 12:59:48', '2013-04-13 12:59:48', '871_2013-04-13 12:59:48_2013-04-13 12:59:48.ser', 16, 871, 1),
(776, '2013-04-13 12:59:48', '2013-04-13 12:59:49', '881_2013-04-13 12:59:48_2013-04-13 12:59:49.ser', 16, 881, 1),
(777, '2013-04-13 12:59:49', '2013-04-13 12:59:49', '891_2013-04-13 12:59:49_2013-04-13 12:59:49.ser', 16, 891, 1),
(778, '2013-04-13 12:59:49', '2013-04-13 12:59:50', '901_2013-04-13 12:59:49_2013-04-13 12:59:50.ser', 16, 901, 1),
(779, '2013-04-13 12:59:50', '2013-04-13 12:59:50', '911_2013-04-13 12:59:50_2013-04-13 12:59:50.ser', 16, 911, 1),
(780, '2013-04-13 12:59:50', '2013-04-13 12:59:51', '921_2013-04-13 12:59:50_2013-04-13 12:59:51.ser', 16, 921, 1),
(781, '2013-04-13 12:59:51', '2013-04-13 12:59:51', '931_2013-04-13 12:59:51_2013-04-13 12:59:51.ser', 16, 931, 1),
(782, '2013-04-13 12:59:51', '2013-04-13 12:59:52', '941_2013-04-13 12:59:51_2013-04-13 12:59:52.ser', 16, 941, 1),
(783, '2013-04-13 12:59:52', '2013-04-13 12:59:52', '951_2013-04-13 12:59:52_2013-04-13 12:59:52.ser', 16, 951, 1),
(784, '2013-04-13 12:59:52', '2013-04-13 12:59:53', '961_2013-04-13 12:59:52_2013-04-13 12:59:53.ser', 16, 961, 1),
(785, '2013-04-13 12:59:53', '2013-04-13 12:59:53', '971_2013-04-13 12:59:53_2013-04-13 12:59:53.ser', 16, 971, 1),
(786, '2013-04-13 12:59:53', '2013-04-13 12:59:53', '981_2013-04-13 12:59:53_2013-04-13 12:59:53.ser', 16, 981, 1),
(787, '2013-04-13 12:59:54', '2013-04-13 12:59:54', '991_2013-04-13 12:59:54_2013-04-13 12:59:54.ser', 16, 991, 1),
(788, '2013-04-13 12:59:54', '2013-04-13 12:59:54', '1001_2013-04-13 12:59:54_2013-04-13 12:59:54.ser', 16, 1001, 1),
(789, '2013-04-13 12:59:55', '2013-04-13 12:59:55', '1011_2013-04-13 12:59:55_2013-04-13 12:59:55.ser', 16, 1011, 1),
(790, '2013-04-13 12:59:55', '2013-04-13 12:59:55', '1021_2013-04-13 12:59:55_2013-04-13 12:59:55.ser', 16, 1021, 1),
(791, '2013-04-13 12:59:55', '2013-04-13 12:59:56', '1031_2013-04-13 12:59:55_2013-04-13 12:59:56.ser', 16, 1031, 1),
(792, '2013-04-13 12:59:56', '2013-04-13 12:59:56', '1041_2013-04-13 12:59:56_2013-04-13 12:59:56.ser', 16, 1041, 1),
(793, '2013-04-13 12:59:56', '2013-04-13 12:59:57', '1051_2013-04-13 12:59:56_2013-04-13 12:59:57.ser', 16, 1051, 1),
(794, '2013-04-13 12:59:57', '2013-04-13 12:59:57', '1061_2013-04-13 12:59:57_2013-04-13 12:59:57.ser', 16, 1061, 1),
(795, '2013-04-13 12:59:57', '2013-04-13 12:59:58', '1071_2013-04-13 12:59:57_2013-04-13 12:59:58.ser', 16, 1071, 1),
(796, '2013-04-13 12:59:58', '2013-04-13 12:59:58', '1081_2013-04-13 12:59:58_2013-04-13 12:59:58.ser', 16, 1081, 1),
(797, '2013-04-13 12:59:58', '2013-04-13 12:59:59', '1091_2013-04-13 12:59:58_2013-04-13 12:59:59.ser', 16, 1091, 1),
(798, '2013-04-13 12:59:59', '2013-04-13 12:59:59', '1101_2013-04-13 12:59:59_2013-04-13 12:59:59.ser', 16, 1101, 1),
(799, '2013-04-13 12:59:59', '2013-04-13 12:59:59', '1111_2013-04-13 12:59:59_2013-04-13 12:59:59.ser', 16, 1111, 1),
(800, '2013-04-13 13:00:00', '2013-04-13 13:00:00', '1121_2013-04-13 13:00:00_2013-04-13 13:00:00.ser', 16, 1121, 1),
(801, '2013-04-13 13:00:00', '2013-04-13 13:00:00', '1131_2013-04-13 13:00:00_2013-04-13 13:00:00.ser', 16, 1131, 1),
(802, '2013-04-13 13:00:00', '2013-04-13 13:00:01', '1141_2013-04-13 13:00:00_2013-04-13 13:00:01.ser', 16, 1141, 1),
(803, '2013-04-13 13:00:01', '2013-04-13 13:00:01', '1151_2013-04-13 13:00:01_2013-04-13 13:00:01.ser', 16, 1151, 1),
(804, '2013-04-13 13:00:01', '2013-04-13 13:00:02', '1161_2013-04-13 13:00:01_2013-04-13 13:00:02.ser', 16, 1161, 1),
(805, '2013-04-13 13:00:02', '2013-04-13 13:00:02', '1171_2013-04-13 13:00:02_2013-04-13 13:00:02.ser', 16, 1171, 1),
(806, '2013-04-13 13:00:02', '2013-04-13 13:00:03', '1181_2013-04-13 13:00:02_2013-04-13 13:00:03.ser', 16, 1181, 1),
(807, '2013-04-13 13:00:03', '2013-04-13 13:00:03', '1191_2013-04-13 13:00:03_2013-04-13 13:00:03.ser', 16, 1191, 1),
(808, '2013-04-13 13:00:03', '2013-04-13 13:00:04', '1201_2013-04-13 13:00:03_2013-04-13 13:00:04.ser', 16, 1201, 1),
(809, '2013-04-13 13:00:04', '2013-04-13 13:00:04', '1211_2013-04-13 13:00:04_2013-04-13 13:00:04.ser', 16, 1211, 1),
(810, '2013-04-13 13:00:04', '2013-04-13 13:00:05', '1221_2013-04-13 13:00:04_2013-04-13 13:00:05.ser', 16, 1221, 1),
(811, '2013-04-13 13:00:05', '2013-04-13 13:00:05', '1231_2013-04-13 13:00:05_2013-04-13 13:00:05.ser', 16, 1231, 1),
(812, '2013-04-13 13:00:05', '2013-04-13 13:00:05', '1241_2013-04-13 13:00:05_2013-04-13 13:00:05.ser', 16, 1241, 1),
(813, '2013-04-13 13:00:06', '2013-04-13 13:00:06', '1251_2013-04-13 13:00:06_2013-04-13 13:00:06.ser', 16, 1251, 1),
(814, '2013-04-13 13:00:06', '2013-04-13 13:00:06', '1261_2013-04-13 13:00:06_2013-04-13 13:00:06.ser', 16, 1261, 1),
(815, '2013-04-13 13:00:07', '2013-04-13 13:00:07', '1271_2013-04-13 13:00:07_2013-04-13 13:00:07.ser', 16, 1271, 1),
(816, '2013-04-13 13:00:07', '2013-04-13 13:00:07', '1281_2013-04-13 13:00:07_2013-04-13 13:00:07.ser', 16, 1281, 1),
(817, '2013-04-13 13:00:07', '2013-04-13 13:00:08', '1291_2013-04-13 13:00:07_2013-04-13 13:00:08.ser', 16, 1291, 1),
(818, '2013-04-13 13:00:08', '2013-04-13 13:00:08', '1301_2013-04-13 13:00:08_2013-04-13 13:00:08.ser', 16, 1301, 1),
(819, '2013-04-13 13:00:08', '2013-04-13 13:00:09', '1311_2013-04-13 13:00:08_2013-04-13 13:00:09.ser', 16, 1311, 1),
(820, '2013-04-13 13:00:09', '2013-04-13 13:00:09', '1321_2013-04-13 13:00:09_2013-04-13 13:00:09.ser', 16, 1321, 1),
(821, '2013-04-13 13:00:09', '2013-04-13 13:00:10', '1331_2013-04-13 13:00:09_2013-04-13 13:00:10.ser', 16, 1331, 1),
(822, '2013-04-13 13:00:10', '2013-04-13 13:00:10', '1341_2013-04-13 13:00:10_2013-04-13 13:00:10.ser', 16, 1341, 1),
(823, '2013-04-13 13:00:10', '2013-04-13 13:00:11', '1351_2013-04-13 13:00:10_2013-04-13 13:00:11.ser', 16, 1351, 1),
(824, '2013-04-13 13:00:11', '2013-04-13 13:00:11', '1361_2013-04-13 13:00:11_2013-04-13 13:00:11.ser', 16, 1361, 1),
(825, '2013-04-13 13:00:11', '2013-04-13 13:00:12', '1371_2013-04-13 13:00:11_2013-04-13 13:00:12.ser', 16, 1371, 1),
(826, '2013-04-13 13:02:08', '2013-04-13 13:02:08', '77_2013-04-13 13:02:08_2013-04-13 13:02:08.ser', 17, 77, 1),
(827, '2013-04-13 13:02:08', '2013-04-13 13:02:08', '81_2013-04-13 13:02:08_2013-04-13 13:02:08.ser', 17, 81, 1),
(828, '2013-04-13 13:02:08', '2013-04-13 13:02:09', '91_2013-04-13 13:02:08_2013-04-13 13:02:09.ser', 17, 91, 1),
(829, '2013-04-13 13:02:09', '2013-04-13 13:02:09', '101_2013-04-13 13:02:09_2013-04-13 13:02:09.ser', 17, 101, 1),
(830, '2013-04-13 13:02:10', '2013-04-13 13:02:10', '111_2013-04-13 13:02:10_2013-04-13 13:02:10.ser', 17, 111, 1),
(831, '2013-04-13 13:02:10', '2013-04-13 13:02:10', '121_2013-04-13 13:02:10_2013-04-13 13:02:10.ser', 17, 121, 1),
(832, '2013-04-13 13:02:10', '2013-04-13 13:02:11', '131_2013-04-13 13:02:10_2013-04-13 13:02:11.ser', 17, 131, 1),
(833, '2013-04-13 13:02:11', '2013-04-13 13:02:11', '141_2013-04-13 13:02:11_2013-04-13 13:02:11.ser', 17, 141, 1),
(834, '2013-04-13 13:02:11', '2013-04-13 13:02:12', '151_2013-04-13 13:02:11_2013-04-13 13:02:12.ser', 17, 151, 1),
(835, '2013-04-13 13:02:12', '2013-04-13 13:02:12', '161_2013-04-13 13:02:12_2013-04-13 13:02:12.ser', 17, 161, 1),
(836, '2013-04-13 13:02:12', '2013-04-13 13:02:13', '171_2013-04-13 13:02:12_2013-04-13 13:02:13.ser', 17, 171, 1),
(837, '2013-04-13 13:02:13', '2013-04-13 13:02:13', '181_2013-04-13 13:02:13_2013-04-13 13:02:13.ser', 17, 181, 1),
(838, '2013-04-13 13:02:13', '2013-04-13 13:02:14', '191_2013-04-13 13:02:13_2013-04-13 13:02:14.ser', 17, 191, 1),
(839, '2013-04-13 13:02:14', '2013-04-13 13:02:14', '201_2013-04-13 13:02:14_2013-04-13 13:02:14.ser', 17, 201, 1),
(840, '2013-04-13 13:02:14', '2013-04-13 13:02:14', '211_2013-04-13 13:02:14_2013-04-13 13:02:14.ser', 17, 211, 1),
(841, '2013-04-13 13:02:15', '2013-04-13 13:02:15', '221_2013-04-13 13:02:15_2013-04-13 13:02:15.ser', 17, 221, 1),
(842, '2013-04-13 13:02:15', '2013-04-13 13:02:15', '231_2013-04-13 13:02:15_2013-04-13 13:02:15.ser', 17, 231, 1),
(843, '2013-04-13 13:02:15', '2013-04-13 13:02:16', '241_2013-04-13 13:02:15_2013-04-13 13:02:16.ser', 17, 241, 1),
(844, '2013-04-13 13:02:16', '2013-04-13 13:02:16', '251_2013-04-13 13:02:16_2013-04-13 13:02:16.ser', 17, 251, 1),
(845, '2013-04-13 13:02:16', '2013-04-13 13:02:17', '262_2013-04-13 13:02:16_2013-04-13 13:02:17.ser', 17, 262, 1),
(846, '2013-04-13 13:02:17', '2013-04-13 13:02:17', '271_2013-04-13 13:02:17_2013-04-13 13:02:17.ser', 17, 271, 1),
(847, '2013-04-13 13:02:17', '2013-04-13 13:02:18', '281_2013-04-13 13:02:17_2013-04-13 13:02:18.ser', 17, 281, 1),
(848, '2013-04-13 13:02:18', '2013-04-13 13:02:18', '291_2013-04-13 13:02:18_2013-04-13 13:02:18.ser', 17, 291, 1),
(849, '2013-04-13 13:02:18', '2013-04-13 13:02:19', '301_2013-04-13 13:02:18_2013-04-13 13:02:19.ser', 17, 301, 1),
(850, '2013-04-13 13:02:19', '2013-04-13 13:02:19', '311_2013-04-13 13:02:19_2013-04-13 13:02:19.ser', 17, 311, 1),
(851, '2013-04-13 13:02:19', '2013-04-13 13:02:20', '321_2013-04-13 13:02:19_2013-04-13 13:02:20.ser', 17, 321, 1),
(852, '2013-04-13 13:02:20', '2013-04-13 13:02:20', '331_2013-04-13 13:02:20_2013-04-13 13:02:20.ser', 17, 331, 1),
(853, '2013-04-13 13:02:20', '2013-04-13 13:02:20', '341_2013-04-13 13:02:20_2013-04-13 13:02:20.ser', 17, 341, 1),
(854, '2013-04-13 13:02:21', '2013-04-13 13:02:21', '351_2013-04-13 13:02:21_2013-04-13 13:02:21.ser', 17, 351, 1),
(855, '2013-04-13 13:02:21', '2013-04-13 13:02:21', '361_2013-04-13 13:02:21_2013-04-13 13:02:21.ser', 17, 361, 1),
(856, '2013-04-13 13:02:21', '2013-04-13 13:02:22', '371_2013-04-13 13:02:21_2013-04-13 13:02:22.ser', 17, 371, 1),
(857, '2013-04-13 13:02:22', '2013-04-13 13:02:22', '381_2013-04-13 13:02:22_2013-04-13 13:02:22.ser', 17, 381, 1),
(858, '2013-04-13 13:02:22', '2013-04-13 13:02:23', '391_2013-04-13 13:02:22_2013-04-13 13:02:23.ser', 17, 391, 1),
(859, '2013-04-13 13:02:23', '2013-04-13 13:02:23', '401_2013-04-13 13:02:23_2013-04-13 13:02:23.ser', 17, 401, 1),
(860, '2013-04-13 13:02:23', '2013-04-13 13:02:24', '411_2013-04-13 13:02:23_2013-04-13 13:02:24.ser', 17, 411, 1),
(861, '2013-04-13 13:02:24', '2013-04-13 13:02:24', '421_2013-04-13 13:02:24_2013-04-13 13:02:24.ser', 17, 421, 1),
(862, '2013-04-13 13:02:24', '2013-04-13 13:02:25', '432_2013-04-13 13:02:24_2013-04-13 13:02:25.ser', 17, 432, 1),
(863, '2013-04-13 13:02:25', '2013-04-13 13:02:25', '441_2013-04-13 13:02:25_2013-04-13 13:02:25.ser', 17, 441, 1),
(864, '2013-04-13 13:02:25', '2013-04-13 13:02:26', '451_2013-04-13 13:02:25_2013-04-13 13:02:26.ser', 17, 451, 1),
(865, '2013-04-13 13:02:26', '2013-04-13 13:02:26', '461_2013-04-13 13:02:26_2013-04-13 13:02:26.ser', 17, 461, 1),
(866, '2013-04-13 13:02:26', '2013-04-13 13:02:27', '471_2013-04-13 13:02:26_2013-04-13 13:02:27.ser', 17, 471, 1),
(867, '2013-04-13 13:02:27', '2013-04-13 13:02:27', '481_2013-04-13 13:02:27_2013-04-13 13:02:27.ser', 17, 481, 1),
(868, '2013-04-13 13:02:27', '2013-04-13 13:02:27', '491_2013-04-13 13:02:27_2013-04-13 13:02:27.ser', 17, 491, 1),
(869, '2013-04-13 13:02:28', '2013-04-13 13:02:28', '501_2013-04-13 13:02:28_2013-04-13 13:02:28.ser', 17, 501, 1),
(870, '2013-04-13 13:02:28', '2013-04-13 13:02:28', '511_2013-04-13 13:02:28_2013-04-13 13:02:28.ser', 17, 511, 1),
(871, '2013-04-13 13:02:28', '2013-04-13 13:02:29', '521_2013-04-13 13:02:28_2013-04-13 13:02:29.ser', 17, 521, 1),
(872, '2013-04-13 13:02:29', '2013-04-13 13:02:29', '531_2013-04-13 13:02:29_2013-04-13 13:02:29.ser', 17, 531, 1),
(873, '2013-04-13 13:02:29', '2013-04-13 13:02:30', '541_2013-04-13 13:02:29_2013-04-13 13:02:30.ser', 17, 541, 1),
(874, '2013-04-13 13:02:30', '2013-04-13 13:02:30', '552_2013-04-13 13:02:30_2013-04-13 13:02:30.ser', 17, 552, 1),
(875, '2013-04-13 13:02:30', '2013-04-13 13:02:31', '561_2013-04-13 13:02:30_2013-04-13 13:02:31.ser', 17, 561, 1),
(876, '2013-04-13 13:02:31', '2013-04-13 13:02:31', '571_2013-04-13 13:02:31_2013-04-13 13:02:31.ser', 17, 571, 1),
(877, '2013-04-13 13:02:31', '2013-04-13 13:02:32', '581_2013-04-13 13:02:31_2013-04-13 13:02:32.ser', 17, 581, 1);
INSERT INTO `hash_set` (`id`, `start_timestamp`, `stop_timestamp`, `url`, `parent`, `start_real_time`, `parent_type`) VALUES
(878, '2013-04-13 13:02:32', '2013-04-13 13:02:32', '591_2013-04-13 13:02:32_2013-04-13 13:02:32.ser', 17, 591, 1),
(879, '2013-04-13 13:02:32', '2013-04-13 13:02:32', '601_2013-04-13 13:02:32_2013-04-13 13:02:32.ser', 17, 601, 1),
(880, '2013-04-13 13:02:33', '2013-04-13 13:02:33', '611_2013-04-13 13:02:33_2013-04-13 13:02:33.ser', 17, 611, 1),
(881, '2013-04-13 13:02:33', '2013-04-13 13:02:33', '621_2013-04-13 13:02:33_2013-04-13 13:02:33.ser', 17, 621, 1),
(882, '2013-04-13 13:02:34', '2013-04-13 13:02:34', '631_2013-04-13 13:02:34_2013-04-13 13:02:34.ser', 17, 631, 1),
(883, '2013-04-13 13:02:34', '2013-04-13 13:02:34', '641_2013-04-13 13:02:34_2013-04-13 13:02:34.ser', 17, 641, 1),
(884, '2013-04-13 13:08:02', '2013-04-13 13:08:02', '5_2013-04-13 13:08:02_2013-04-13 13:08:02.ser', 18, 5, 1),
(885, '2013-04-13 13:08:02', '2013-04-13 13:08:02', '11_2013-04-13 13:08:02_2013-04-13 13:08:02.ser', 18, 11, 1),
(886, '2013-04-13 13:08:03', '2013-04-13 13:08:03', '21_2013-04-13 13:08:03_2013-04-13 13:08:03.ser', 18, 21, 1),
(887, '2013-04-13 13:08:03', '2013-04-13 13:08:03', '31_2013-04-13 13:08:03_2013-04-13 13:08:03.ser', 18, 31, 1),
(888, '2013-04-13 13:08:03', '2013-04-13 13:08:04', '41_2013-04-13 13:08:03_2013-04-13 13:08:04.ser', 18, 41, 1),
(889, '2013-04-13 13:08:04', '2013-04-13 13:08:04', '51_2013-04-13 13:08:04_2013-04-13 13:08:04.ser', 18, 51, 1),
(890, '2013-04-13 13:08:04', '2013-04-13 13:08:05', '61_2013-04-13 13:08:04_2013-04-13 13:08:05.ser', 18, 61, 1),
(891, '2013-04-13 13:08:05', '2013-04-13 13:08:05', '71_2013-04-13 13:08:05_2013-04-13 13:08:05.ser', 18, 71, 1),
(892, '2013-04-13 13:08:05', '2013-04-13 13:08:06', '81_2013-04-13 13:08:05_2013-04-13 13:08:06.ser', 18, 81, 1),
(893, '2013-04-13 13:08:06', '2013-04-13 13:08:06', '91_2013-04-13 13:08:06_2013-04-13 13:08:06.ser', 18, 91, 1),
(894, '2013-04-13 13:08:06', '2013-04-13 13:08:06', '101_2013-04-13 13:08:06_2013-04-13 13:08:06.ser', 18, 101, 1),
(895, '2013-04-13 13:08:07', '2013-04-13 13:08:07', '111_2013-04-13 13:08:07_2013-04-13 13:08:07.ser', 18, 111, 1),
(896, '2013-04-13 13:08:07', '2013-04-13 13:08:07', '121_2013-04-13 13:08:07_2013-04-13 13:08:07.ser', 18, 121, 1),
(897, '2013-04-13 13:08:07', '2013-04-13 13:08:08', '131_2013-04-13 13:08:07_2013-04-13 13:08:08.ser', 18, 131, 1),
(898, '2013-04-13 13:08:08', '2013-04-13 13:08:08', '141_2013-04-13 13:08:08_2013-04-13 13:08:08.ser', 18, 141, 1),
(899, '2013-04-13 13:08:08', '2013-04-13 13:08:09', '151_2013-04-13 13:08:08_2013-04-13 13:08:09.ser', 18, 151, 1),
(900, '2013-04-13 13:08:09', '2013-04-13 13:08:09', '161_2013-04-13 13:08:09_2013-04-13 13:08:09.ser', 18, 161, 1),
(901, '2013-04-13 13:08:09', '2013-04-13 13:08:10', '171_2013-04-13 13:08:09_2013-04-13 13:08:10.ser', 18, 171, 1),
(902, '2013-04-13 13:08:10', '2013-04-13 13:08:10', '181_2013-04-13 13:08:10_2013-04-13 13:08:10.ser', 18, 181, 1),
(903, '2013-04-13 13:08:10', '2013-04-13 13:08:11', '191_2013-04-13 13:08:10_2013-04-13 13:08:11.ser', 18, 191, 1),
(904, '2013-04-13 13:08:11', '2013-04-13 13:08:11', '201_2013-04-13 13:08:11_2013-04-13 13:08:11.ser', 18, 201, 1),
(905, '2013-04-13 13:08:11', '2013-04-13 13:08:12', '211_2013-04-13 13:08:11_2013-04-13 13:08:12.ser', 18, 211, 1),
(906, '2013-04-13 13:08:12', '2013-04-13 13:08:12', '221_2013-04-13 13:08:12_2013-04-13 13:08:12.ser', 18, 221, 1),
(907, '2013-04-13 13:08:12', '2013-04-13 13:08:12', '231_2013-04-13 13:08:12_2013-04-13 13:08:12.ser', 18, 231, 1),
(908, '2013-04-13 13:08:13', '2013-04-13 13:08:13', '241_2013-04-13 13:08:13_2013-04-13 13:08:13.ser', 18, 241, 1),
(909, '2013-04-13 13:08:13', '2013-04-13 13:08:13', '251_2013-04-13 13:08:13_2013-04-13 13:08:13.ser', 18, 251, 1),
(910, '2013-04-13 13:08:14', '2013-04-13 13:08:14', '261_2013-04-13 13:08:14_2013-04-13 13:08:14.ser', 18, 261, 1),
(911, '2013-04-13 13:08:14', '2013-04-13 13:08:14', '271_2013-04-13 13:08:14_2013-04-13 13:08:14.ser', 18, 271, 1),
(912, '2013-04-13 13:08:14', '2013-04-13 13:08:15', '281_2013-04-13 13:08:14_2013-04-13 13:08:15.ser', 18, 281, 1),
(913, '2013-04-13 13:08:15', '2013-04-13 13:08:15', '291_2013-04-13 13:08:15_2013-04-13 13:08:15.ser', 18, 291, 1),
(914, '2013-04-13 13:08:15', '2013-04-13 13:08:16', '301_2013-04-13 13:08:15_2013-04-13 13:08:16.ser', 18, 301, 1),
(915, '2013-04-13 13:08:16', '2013-04-13 13:08:16', '311_2013-04-13 13:08:16_2013-04-13 13:08:16.ser', 18, 311, 1),
(916, '2013-04-13 13:08:16', '2013-04-13 13:08:17', '321_2013-04-13 13:08:16_2013-04-13 13:08:17.ser', 18, 321, 1),
(917, '2013-04-13 13:08:17', '2013-04-13 13:08:17', '331_2013-04-13 13:08:17_2013-04-13 13:08:17.ser', 18, 331, 1),
(918, '2013-04-13 13:08:17', '2013-04-13 13:08:18', '341_2013-04-13 13:08:17_2013-04-13 13:08:18.ser', 18, 341, 1),
(919, '2013-04-13 13:08:18', '2013-04-13 13:08:18', '351_2013-04-13 13:08:18_2013-04-13 13:08:18.ser', 18, 351, 1),
(920, '2013-04-13 13:08:18', '2013-04-13 13:08:19', '361_2013-04-13 13:08:18_2013-04-13 13:08:19.ser', 18, 361, 1),
(921, '2013-04-13 13:08:19', '2013-04-13 13:08:19', '371_2013-04-13 13:08:19_2013-04-13 13:08:19.ser', 18, 371, 1),
(922, '2013-04-13 13:08:19', '2013-04-13 13:08:19', '381_2013-04-13 13:08:19_2013-04-13 13:08:19.ser', 18, 381, 1),
(923, '2013-04-13 13:08:20', '2013-04-13 13:08:20', '391_2013-04-13 13:08:20_2013-04-13 13:08:20.ser', 18, 391, 1),
(924, '2013-04-13 13:08:20', '2013-04-13 13:08:20', '401_2013-04-13 13:08:20_2013-04-13 13:08:20.ser', 18, 401, 1),
(925, '2013-04-13 13:08:20', '2013-04-13 13:08:21', '411_2013-04-13 13:08:20_2013-04-13 13:08:21.ser', 18, 411, 1),
(926, '2013-04-13 13:08:21', '2013-04-13 13:08:21', '421_2013-04-13 13:08:21_2013-04-13 13:08:21.ser', 18, 421, 1),
(927, '2013-04-13 13:08:21', '2013-04-13 13:08:22', '431_2013-04-13 13:08:21_2013-04-13 13:08:22.ser', 18, 431, 1),
(928, '2013-04-13 13:08:22', '2013-04-13 13:08:22', '441_2013-04-13 13:08:22_2013-04-13 13:08:22.ser', 18, 441, 1),
(929, '2013-04-13 13:08:22', '2013-04-13 13:08:23', '451_2013-04-13 13:08:22_2013-04-13 13:08:23.ser', 18, 451, 1),
(930, '2013-04-13 13:08:23', '2013-04-13 13:08:23', '461_2013-04-13 13:08:23_2013-04-13 13:08:23.ser', 18, 461, 1),
(931, '2013-04-13 13:08:23', '2013-04-13 13:08:24', '471_2013-04-13 13:08:23_2013-04-13 13:08:24.ser', 18, 471, 1),
(932, '2013-04-13 13:08:24', '2013-04-13 13:08:24', '481_2013-04-13 13:08:24_2013-04-13 13:08:24.ser', 18, 481, 1),
(933, '2013-04-13 13:08:24', '2013-04-13 13:08:25', '491_2013-04-13 13:08:24_2013-04-13 13:08:25.ser', 18, 491, 1),
(934, '2013-04-13 13:08:25', '2013-04-13 13:08:25', '503_2013-04-13 13:08:25_2013-04-13 13:08:25.ser', 18, 503, 1),
(935, '2013-04-13 13:08:25', '2013-04-13 13:08:25', '511_2013-04-13 13:08:25_2013-04-13 13:08:25.ser', 18, 511, 1),
(936, '2013-04-13 13:08:26', '2013-04-13 13:08:26', '522_2013-04-13 13:08:26_2013-04-13 13:08:26.ser', 18, 522, 1),
(937, '2013-04-13 13:08:26', '2013-04-13 13:08:26', '531_2013-04-13 13:08:26_2013-04-13 13:08:26.ser', 18, 531, 1),
(938, '2013-04-13 13:08:27', '2013-04-13 13:08:27', '541_2013-04-13 13:08:27_2013-04-13 13:08:27.ser', 18, 541, 1),
(939, '2013-04-13 13:08:27', '2013-04-13 13:08:27', '551_2013-04-13 13:08:27_2013-04-13 13:08:27.ser', 18, 551, 1),
(940, '2013-04-13 13:08:27', '2013-04-13 13:08:28', '561_2013-04-13 13:08:27_2013-04-13 13:08:28.ser', 18, 561, 1),
(941, '2013-04-13 13:08:28', '2013-04-13 13:08:28', '571_2013-04-13 13:08:28_2013-04-13 13:08:28.ser', 18, 571, 1),
(942, '2013-04-13 13:08:28', '2013-04-13 13:08:29', '581_2013-04-13 13:08:28_2013-04-13 13:08:29.ser', 18, 581, 1),
(943, '2013-04-13 13:08:29', '2013-04-13 13:08:29', '591_2013-04-13 13:08:29_2013-04-13 13:08:29.ser', 18, 591, 1),
(944, '2013-04-13 13:08:29', '2013-04-13 13:08:30', '601_2013-04-13 13:08:29_2013-04-13 13:08:30.ser', 18, 601, 1),
(945, '2013-04-13 13:08:30', '2013-04-13 13:08:30', '611_2013-04-13 13:08:30_2013-04-13 13:08:30.ser', 18, 611, 1),
(946, '2013-04-13 13:08:30', '2013-04-13 13:08:31', '621_2013-04-13 13:08:30_2013-04-13 13:08:31.ser', 18, 621, 1),
(947, '2013-04-13 13:08:31', '2013-04-13 13:08:31', '631_2013-04-13 13:08:31_2013-04-13 13:08:31.ser', 18, 631, 1),
(948, '2013-04-13 13:08:31', '2013-04-13 13:08:32', '641_2013-04-13 13:08:31_2013-04-13 13:08:32.ser', 18, 641, 1),
(949, '2013-04-13 15:06:41', '2013-04-13 15:06:41', '3_2013-04-13 15:06:41_2013-04-13 15:06:41.ser', 19, 3, 1),
(950, '2013-04-13 15:06:41', '2013-04-13 15:06:41', '11_2013-04-13 15:06:41_2013-04-13 15:06:41.ser', 19, 11, 1),
(951, '2013-04-13 15:06:42', '2013-04-13 15:06:42', '21_2013-04-13 15:06:42_2013-04-13 15:06:42.ser', 19, 21, 1),
(952, '2013-04-13 15:06:42', '2013-04-13 15:06:43', '32_2013-04-13 15:06:42_2013-04-13 15:06:43.ser', 19, 32, 1),
(953, '2013-04-13 15:06:43', '2013-04-13 15:06:43', '52_2013-04-13 15:06:43_2013-04-13 15:06:43.ser', 19, 52, 1),
(954, '2013-04-13 15:06:44', '2013-04-13 15:06:44', '61_2013-04-13 15:06:44_2013-04-13 15:06:44.ser', 19, 61, 1),
(955, '2013-04-13 15:06:45', '2013-04-13 15:06:45', '77_2013-04-13 15:06:45_2013-04-13 15:06:45.ser', 19, 77, 1),
(956, '2013-04-13 15:06:45', '2013-04-13 15:06:45', '81_2013-04-13 15:06:45_2013-04-13 15:06:45.ser', 19, 81, 1),
(957, '2013-04-13 15:06:45', '2013-04-13 15:06:45', '96_2013-04-13 15:06:45_2013-04-13 15:06:45.ser', 19, 96, 1),
(958, '2013-04-13 15:06:46', '2013-04-13 15:06:46', '101_2013-04-13 15:06:46_2013-04-13 15:06:46.ser', 19, 101, 1),
(959, '2013-04-13 15:06:47', '2013-04-13 15:06:47', '134_2013-04-13 15:06:47_2013-04-13 15:06:47.ser', 19, 134, 1),
(960, '2013-04-13 15:06:47', '2013-04-13 15:06:48', '142_2013-04-13 15:06:47_2013-04-13 15:06:48.ser', 19, 142, 1),
(961, '2013-04-13 15:06:48', '2013-04-13 15:06:48', '151_2013-04-13 15:06:48_2013-04-13 15:06:48.ser', 19, 151, 1),
(962, '2013-04-13 15:06:48', '2013-04-13 15:06:48', '161_2013-04-13 15:06:48_2013-04-13 15:06:48.ser', 19, 161, 1),
(963, '2013-04-13 15:06:49', '2013-04-13 15:06:49', '175_2013-04-13 15:06:49_2013-04-13 15:06:49.ser', 19, 175, 1),
(964, '2013-04-13 15:06:49', '2013-04-13 15:06:50', '182_2013-04-13 15:06:49_2013-04-13 15:06:50.ser', 19, 182, 1),
(965, '2013-04-13 15:06:50', '2013-04-13 15:06:50', '201_2013-04-13 15:06:50_2013-04-13 15:06:50.ser', 19, 201, 1),
(966, '2013-04-13 15:06:51', '2013-04-13 15:06:51', '211_2013-04-13 15:06:51_2013-04-13 15:06:51.ser', 19, 211, 1),
(967, '2013-04-13 15:06:51', '2013-04-13 15:06:52', '226_2013-04-13 15:06:51_2013-04-13 15:06:52.ser', 19, 226, 1),
(968, '2013-04-13 15:06:52', '2013-04-13 15:06:52', '248_2013-04-13 15:06:52_2013-04-13 15:06:52.ser', 19, 248, 1),
(969, '2013-04-13 15:06:53', '2013-04-13 15:06:53', '251_2013-04-13 15:06:53_2013-04-13 15:06:53.ser', 19, 251, 1),
(970, '2013-04-13 15:06:53', '2013-04-13 15:06:53', '261_2013-04-13 15:06:53_2013-04-13 15:06:53.ser', 19, 261, 1),
(971, '2013-04-13 15:06:54', '2013-04-13 15:06:54', '283_2013-04-13 15:06:54_2013-04-13 15:06:54.ser', 19, 283, 1),
(972, '2013-04-13 15:06:55', '2013-04-13 15:06:55', '298_2013-04-13 15:06:55_2013-04-13 15:06:55.ser', 19, 298, 1),
(973, '2013-04-13 15:06:55', '2013-04-13 15:06:55', '301_2013-04-13 15:06:55_2013-04-13 15:06:55.ser', 19, 301, 1),
(974, '2013-04-13 15:06:55', '2013-04-13 15:06:56', '312_2013-04-13 15:06:55_2013-04-13 15:06:56.ser', 19, 312, 1),
(975, '2013-04-13 15:06:56', '2013-04-13 15:06:56', '322_2013-04-13 15:06:56_2013-04-13 15:06:56.ser', 19, 322, 1),
(976, '2013-04-13 15:06:56', '2013-04-13 15:06:57', '336_2013-04-13 15:06:56_2013-04-13 15:06:57.ser', 19, 336, 1),
(977, '2013-04-13 15:06:57', '2013-04-13 15:06:58', '358_2013-04-13 15:06:57_2013-04-13 15:06:58.ser', 19, 358, 1),
(978, '2013-04-13 15:06:58', '2013-04-13 15:06:58', '372_2013-04-13 15:06:58_2013-04-13 15:06:58.ser', 19, 372, 1),
(979, '2013-04-13 15:06:59', '2013-04-13 15:06:59', '384_2013-04-13 15:06:59_2013-04-13 15:06:59.ser', 19, 384, 1),
(980, '2013-04-13 15:07:00', '2013-04-13 15:07:00', '417_2013-04-13 15:07:00_2013-04-13 15:07:00.ser', 19, 417, 1),
(981, '2013-04-13 15:07:01', '2013-04-13 15:07:01', '429_2013-04-13 15:07:01_2013-04-13 15:07:01.ser', 19, 429, 1),
(982, '2013-04-13 15:07:02', '2013-04-13 15:07:02', '446_2013-04-13 15:07:02_2013-04-13 15:07:02.ser', 19, 446, 1),
(983, '2013-04-13 15:07:02', '2013-04-13 15:07:02', '451_2013-04-13 15:07:02_2013-04-13 15:07:02.ser', 19, 451, 1),
(984, '2013-04-13 15:07:03', '2013-04-13 15:07:03', '468_2013-04-13 15:07:03_2013-04-13 15:07:03.ser', 19, 468, 1),
(985, '2013-04-13 15:07:03', '2013-04-13 15:07:03', '471_2013-04-13 15:07:03_2013-04-13 15:07:03.ser', 19, 471, 1),
(986, '2013-04-13 15:07:05', '2013-04-13 15:07:05', '516_2013-04-13 15:07:05_2013-04-13 15:07:05.ser', 19, 516, 1),
(987, '2013-04-13 15:07:05', '2013-04-13 15:07:05', '521_2013-04-13 15:07:05_2013-04-13 15:07:05.ser', 19, 521, 1),
(988, '2013-04-13 15:07:06', '2013-04-13 15:07:06', '542_2013-04-13 15:07:06_2013-04-13 15:07:06.ser', 19, 542, 1),
(989, '2013-04-13 15:07:07', '2013-04-13 15:07:07', '555_2013-04-13 15:07:07_2013-04-13 15:07:07.ser', 19, 555, 1),
(990, '2013-04-13 15:07:08', '2013-04-13 15:07:08', '577_2013-04-13 15:07:08_2013-04-13 15:07:08.ser', 19, 577, 1),
(991, '2013-04-13 15:07:08', '2013-04-13 15:07:08', '582_2013-04-13 15:07:08_2013-04-13 15:07:08.ser', 19, 582, 1),
(992, '2013-04-13 15:07:08', '2013-04-13 15:07:09', '593_2013-04-13 15:07:08_2013-04-13 15:07:09.ser', 19, 593, 1),
(993, '2013-04-13 15:07:09', '2013-04-13 15:07:10', '612_2013-04-13 15:07:09_2013-04-13 15:07:10.ser', 19, 612, 1),
(994, '2013-04-13 15:07:10', '2013-04-13 15:07:10', '622_2013-04-13 15:07:10_2013-04-13 15:07:10.ser', 19, 622, 1),
(995, '2013-04-13 15:08:54', '2013-04-13 15:08:54', '2_2013-04-13 15:08:54_2013-04-13 15:08:54.ser', 20, 2, 1),
(996, '2013-04-13 15:08:56', '2013-04-13 15:08:56', '41_2013-04-13 15:08:56_2013-04-13 15:08:56.ser', 20, 41, 1),
(997, '2013-04-13 15:08:58', '2013-04-13 15:08:58', '95_2013-04-13 15:08:58_2013-04-13 15:08:58.ser', 20, 95, 1),
(998, '2013-04-13 15:08:59', '2013-04-13 15:08:59', '108_2013-04-13 15:08:59_2013-04-13 15:08:59.ser', 20, 108, 1),
(999, '2013-04-13 15:08:59', '2013-04-13 15:08:59', '111_2013-04-13 15:08:59_2013-04-13 15:08:59.ser', 20, 111, 1),
(1000, '2013-04-13 15:09:01', '2013-04-13 15:09:01', '146_2013-04-13 15:09:01_2013-04-13 15:09:01.ser', 20, 146, 1),
(1001, '2013-04-13 15:09:10', '2013-04-13 15:09:10', '347_2013-04-13 15:09:10_2013-04-13 15:09:10.ser', 20, 347, 1),
(1002, '2013-04-13 15:09:12', '2013-04-13 15:09:12', '385_2013-04-13 15:09:12_2013-04-13 15:09:12.ser', 20, 385, 1),
(1003, '2013-04-13 15:09:13', '2013-04-13 15:09:14', '422_2013-04-13 15:09:13_2013-04-13 15:09:14.ser', 20, 422, 1),
(1004, '2013-04-13 15:09:14', '2013-04-13 15:09:14', '433_2013-04-13 15:09:14_2013-04-13 15:09:14.ser', 20, 433, 1),
(1005, '2013-04-13 15:09:15', '2013-04-13 15:09:15', '447_2013-04-13 15:09:15_2013-04-13 15:09:15.ser', 20, 447, 1),
(1006, '2013-04-13 15:09:18', '2013-04-13 15:09:18', '519_2013-04-13 15:09:18_2013-04-13 15:09:18.ser', 20, 519, 1),
(1007, '2013-04-13 15:09:19', '2013-04-13 15:09:19', '532_2013-04-13 15:09:19_2013-04-13 15:09:19.ser', 20, 532, 1),
(1008, '2013-04-13 15:09:20', '2013-04-13 15:09:20', '557_2013-04-13 15:09:20_2013-04-13 15:09:20.ser', 20, 557, 1),
(1009, '2013-04-13 15:10:04', '2013-04-13 15:10:04', '42_2013-04-13 15:10:04_2013-04-13 15:10:04.ser', 21, 42, 1),
(1010, '2013-04-13 15:10:07', '2013-04-13 15:10:07', '108_2013-04-13 15:10:07_2013-04-13 15:10:07.ser', 21, 108, 1),
(1011, '2013-04-13 15:10:07', '2013-04-13 15:10:07', '111_2013-04-13 15:10:07_2013-04-13 15:10:07.ser', 21, 111, 1),
(1012, '2013-04-13 15:10:08', '2013-04-13 15:10:08', '142_2013-04-13 15:10:08_2013-04-13 15:10:08.ser', 21, 142, 1),
(1013, '2013-04-13 15:10:09', '2013-04-13 15:10:09', '158_2013-04-13 15:10:09_2013-04-13 15:10:09.ser', 21, 158, 1),
(1014, '2013-04-13 15:10:09', '2013-04-13 15:10:09', '161_2013-04-13 15:10:09_2013-04-13 15:10:09.ser', 21, 161, 1),
(1015, '2013-04-13 15:10:10', '2013-04-13 15:10:10', '171_2013-04-13 15:10:10_2013-04-13 15:10:10.ser', 21, 171, 1),
(1016, '2013-04-13 15:10:10', '2013-04-13 15:10:10', '182_2013-04-13 15:10:10_2013-04-13 15:10:10.ser', 21, 182, 1),
(1017, '2013-04-13 15:10:11', '2013-04-13 15:10:12', '211_2013-04-13 15:10:11_2013-04-13 15:10:12.ser', 21, 211, 1),
(1018, '2013-04-13 15:10:12', '2013-04-13 15:10:12', '228_2013-04-13 15:10:12_2013-04-13 15:10:12.ser', 21, 228, 1),
(1019, '2013-04-13 15:10:13', '2013-04-13 15:10:13', '241_2013-04-13 15:10:13_2013-04-13 15:10:13.ser', 21, 241, 1),
(1020, '2013-04-13 15:10:14', '2013-04-13 15:10:14', '269_2013-04-13 15:10:14_2013-04-13 15:10:14.ser', 21, 269, 1),
(1021, '2013-04-13 15:10:14', '2013-04-13 15:10:14', '271_2013-04-13 15:10:14_2013-04-13 15:10:14.ser', 21, 271, 1),
(1022, '2013-04-13 15:11:56', '2013-04-13 15:11:56', '4_2013-04-13 15:11:56_2013-04-13 15:11:56.ser', 22, 4, 1),
(1023, '2013-04-13 15:11:57', '2013-04-13 15:11:57', '12_2013-04-13 15:11:57_2013-04-13 15:11:57.ser', 22, 12, 1),
(1024, '2013-04-13 15:11:57', '2013-04-13 15:11:57', '23_2013-04-13 15:11:57_2013-04-13 15:11:57.ser', 22, 23, 1),
(1025, '2013-04-13 15:11:58', '2013-04-13 15:11:58', '44_2013-04-13 15:11:58_2013-04-13 15:11:58.ser', 22, 44, 1),
(1026, '2013-04-13 15:11:59', '2013-04-13 15:11:59', '54_2013-04-13 15:11:59_2013-04-13 15:11:59.ser', 22, 54, 1),
(1027, '2013-04-13 15:11:59', '2013-04-13 15:11:59', '61_2013-04-13 15:11:59_2013-04-13 15:11:59.ser', 22, 61, 1),
(1028, '2013-04-13 15:11:59', '2013-04-13 15:11:59', '75_2013-04-13 15:11:59_2013-04-13 15:11:59.ser', 22, 75, 1),
(1029, '2013-04-13 15:12:00', '2013-04-13 15:12:00', '83_2013-04-13 15:12:00_2013-04-13 15:12:00.ser', 22, 83, 1),
(1030, '2013-04-13 15:12:00', '2013-04-13 15:12:01', '94_2013-04-13 15:12:00_2013-04-13 15:12:01.ser', 22, 94, 1),
(1031, '2013-04-13 15:12:01', '2013-04-13 15:12:01', '102_2013-04-13 15:12:01_2013-04-13 15:12:01.ser', 22, 102, 1),
(1032, '2013-04-13 15:12:01', '2013-04-13 15:12:02', '112_2013-04-13 15:12:01_2013-04-13 15:12:02.ser', 22, 112, 1),
(1033, '2013-04-13 15:12:02', '2013-04-13 15:12:02', '134_2013-04-13 15:12:02_2013-04-13 15:12:02.ser', 22, 134, 1),
(1034, '2013-04-13 15:12:03', '2013-04-13 15:12:03', '141_2013-04-13 15:12:03_2013-04-13 15:12:03.ser', 22, 141, 1),
(1035, '2013-04-13 15:12:03', '2013-04-13 15:12:03', '152_2013-04-13 15:12:03_2013-04-13 15:12:03.ser', 22, 152, 1),
(1036, '2013-04-13 15:12:04', '2013-04-13 15:12:04', '163_2013-04-13 15:12:04_2013-04-13 15:12:04.ser', 22, 163, 1),
(1037, '2013-04-13 15:12:04', '2013-04-13 15:12:04', '173_2013-04-13 15:12:04_2013-04-13 15:12:04.ser', 22, 173, 1),
(1038, '2013-04-13 15:12:04', '2013-04-13 15:12:05', '181_2013-04-13 15:12:04_2013-04-13 15:12:05.ser', 22, 181, 1),
(1039, '2013-04-13 15:12:05', '2013-04-13 15:12:05', '192_2013-04-13 15:12:05_2013-04-13 15:12:05.ser', 22, 192, 1),
(1040, '2013-04-13 15:12:05', '2013-04-13 15:12:06', '204_2013-04-13 15:12:05_2013-04-13 15:12:06.ser', 22, 204, 1),
(1041, '2013-04-13 15:12:06', '2013-04-13 15:12:06', '221_2013-04-13 15:12:06_2013-04-13 15:12:06.ser', 22, 221, 1),
(1042, '2013-04-13 15:12:07', '2013-04-13 15:12:07', '233_2013-04-13 15:12:07_2013-04-13 15:12:07.ser', 22, 233, 1),
(1043, '2013-04-13 15:12:08', '2013-04-13 15:12:08', '256_2013-04-13 15:12:08_2013-04-13 15:12:08.ser', 22, 256, 1),
(1044, '2013-04-13 15:12:08', '2013-04-13 15:12:08', '261_2013-04-13 15:12:08_2013-04-13 15:12:08.ser', 22, 261, 1),
(1045, '2013-04-13 15:12:09', '2013-04-13 15:12:09', '287_2013-04-13 15:12:09_2013-04-13 15:12:09.ser', 22, 287, 1),
(1046, '2013-04-13 15:12:10', '2013-04-13 15:12:10', '292_2013-04-13 15:12:10_2013-04-13 15:12:10.ser', 22, 292, 1),
(1047, '2013-04-13 15:12:13', '2013-04-13 15:12:13', '363_2013-04-13 15:12:13_2013-04-13 15:12:13.ser', 22, 363, 1),
(1048, '2013-04-13 15:12:13', '2013-04-13 15:12:13', '372_2013-04-13 15:12:13_2013-04-13 15:12:13.ser', 22, 372, 1),
(1049, '2013-04-13 15:12:14', '2013-04-13 15:12:14', '385_2013-04-13 15:12:14_2013-04-13 15:12:14.ser', 22, 385, 1),
(1050, '2013-04-13 15:12:14', '2013-04-13 15:12:14', '395_2013-04-13 15:12:14_2013-04-13 15:12:14.ser', 22, 395, 1),
(1051, '2013-04-13 15:12:15', '2013-04-13 15:12:15', '413_2013-04-13 15:12:15_2013-04-13 15:12:15.ser', 22, 413, 1),
(1052, '2013-04-13 15:12:16', '2013-04-13 15:12:16', '432_2013-04-13 15:12:16_2013-04-13 15:12:16.ser', 22, 432, 1),
(1053, '2013-04-13 15:12:17', '2013-04-13 15:12:17', '461_2013-04-13 15:12:17_2013-04-13 15:12:17.ser', 22, 461, 1),
(1054, '2013-04-13 15:15:16', '2013-04-13 15:15:16', '6_2013-04-13 15:15:16_2013-04-13 15:15:16.ser', 23, 6, 1),
(1055, '2013-04-13 15:15:17', '2013-04-13 15:15:17', '11_2013-04-13 15:15:17_2013-04-13 15:15:17.ser', 23, 11, 1),
(1056, '2013-04-13 15:15:17', '2013-04-13 15:15:17', '29_2013-04-13 15:15:17_2013-04-13 15:15:17.ser', 23, 29, 1),
(1057, '2013-04-13 15:15:17', '2013-04-13 15:15:17', '31_2013-04-13 15:15:17_2013-04-13 15:15:17.ser', 23, 31, 1),
(1058, '2013-04-13 15:15:18', '2013-04-13 15:15:18', '41_2013-04-13 15:15:18_2013-04-13 15:15:18.ser', 23, 41, 1),
(1059, '2013-04-13 15:15:19', '2013-04-13 15:15:19', '63_2013-04-13 15:15:19_2013-04-13 15:15:19.ser', 23, 63, 1),
(1060, '2013-04-13 15:15:20', '2013-04-13 15:15:20', '83_2013-04-13 15:15:20_2013-04-13 15:15:20.ser', 23, 83, 1),
(1061, '2013-04-13 15:15:21', '2013-04-13 15:15:21', '103_2013-04-13 15:15:21_2013-04-13 15:15:21.ser', 23, 103, 1),
(1062, '2013-04-13 15:15:30', '2013-04-13 15:15:30', '305_2013-04-13 15:15:30_2013-04-13 15:15:30.ser', 23, 305, 1),
(1063, '2013-04-13 15:15:49', '2013-04-13 15:15:50', '723_2013-04-13 15:15:49_2013-04-13 15:15:50.ser', 23, 723, 1),
(1064, '2013-04-13 15:15:53', '2013-04-13 15:15:53', '801_2013-04-13 15:15:53_2013-04-13 15:15:53.ser', 23, 801, 1),
(1065, '2013-04-13 15:15:55', '2013-04-13 15:15:55', '835_2013-04-13 15:15:55_2013-04-13 15:15:55.ser', 23, 835, 1),
(1066, '2013-04-13 15:15:55', '2013-04-13 15:15:55', '851_2013-04-13 15:15:55_2013-04-13 15:15:55.ser', 23, 851, 1),
(1067, '2013-04-13 15:15:57', '2013-04-13 15:15:57', '886_2013-04-13 15:15:57_2013-04-13 15:15:57.ser', 23, 886, 1),
(1068, '2013-04-13 15:15:58', '2013-04-13 15:15:58', '901_2013-04-13 15:15:58_2013-04-13 15:15:58.ser', 23, 901, 1),
(1069, '2013-04-13 15:15:58', '2013-04-13 15:15:58', '911_2013-04-13 15:15:58_2013-04-13 15:15:58.ser', 23, 911, 1),
(1070, '2013-04-13 15:16:00', '2013-04-13 15:16:00', '947_2013-04-13 15:16:00_2013-04-13 15:16:00.ser', 23, 947, 1),
(1071, '2013-04-13 15:16:00', '2013-04-13 15:16:00', '954_2013-04-13 15:16:00_2013-04-13 15:16:00.ser', 23, 954, 1),
(1072, '2013-04-13 15:16:02', '2013-04-13 15:16:02', '982_2013-04-13 15:16:02_2013-04-13 15:16:02.ser', 23, 982, 1),
(1073, '2013-04-13 15:16:04', '2013-04-13 15:16:04', '1026_2013-04-13 15:16:04_2013-04-13 15:16:04.ser', 23, 1026, 1),
(1074, '2013-04-13 15:16:04', '2013-04-13 15:16:04', '1031_2013-04-13 15:16:04_2013-04-13 15:16:04.ser', 23, 1031, 1),
(1075, '2013-04-13 15:16:05', '2013-04-13 15:16:05', '1053_2013-04-13 15:16:05_2013-04-13 15:16:05.ser', 23, 1053, 1),
(1076, '2013-04-13 15:16:06', '2013-04-13 15:16:06', '1076_2013-04-13 15:16:06_2013-04-13 15:16:06.ser', 23, 1076, 1),
(1077, '2013-04-13 15:16:06', '2013-04-13 15:16:06', '1081_2013-04-13 15:16:06_2013-04-13 15:16:06.ser', 23, 1081, 1),
(1078, '2013-04-13 15:16:08', '2013-04-13 15:16:08', '1126_2013-04-13 15:16:08_2013-04-13 15:16:08.ser', 23, 1126, 1);

-- --------------------------------------------------------

--
-- Table structure for table `searchable_content`
--

CREATE TABLE IF NOT EXISTS `searchable_content` (
  `id` int(11) NOT NULL,
  `name` varchar(255) COLLATE utf16_bin NOT NULL,
  `time` datetime NOT NULL,
  PRIMARY KEY (`id`)
) ENGINE=InnoDB DEFAULT CHARSET=utf16 COLLATE=utf16_bin;

--
-- Dumping data for table `searchable_content`
--

INSERT INTO `searchable_content` (`id`, `name`, `time`) VALUES
(1, 'test4', '2013-04-12 12:31:28'),
(2, 'test5', '2013-04-12 12:33:10'),
(3, 'test6', '2013-04-12 12:37:28'),
(4, '', '2013-04-12 13:12:41'),
(5, 'testing', '2013-04-13 11:43:56'),
(6, 'fjdsafds', '2013-04-13 11:49:05'),
(7, 'dfasdfsdfs', '2013-04-13 11:50:32'),
(8, 'testfdas', '2013-04-13 12:04:42'),
(9, 'vddffdsa', '2013-04-13 12:40:42'),
(10, 'fadsfds', '2013-04-13 12:42:55'),
(11, 'afdadfsfdsfds', '2013-04-13 12:45:29'),
(12, 'dsfdsdfsdfs', '2013-04-13 12:49:09'),
(13, 'gdfgs', '2013-04-13 12:50:49'),
(14, 'fsasfdfasd', '2013-04-13 12:52:19'),
(15, 'fdsasdf', '2013-04-13 12:53:54'),
(16, 'fdsdf', '2013-04-13 12:59:07'),
(17, 'sadffds', '2013-04-13 13:02:04'),
(18, 'fdsfadsfdas', '2013-04-13 13:08:01'),
(19, 'idfskjfads', '2013-04-13 15:06:41'),
(20, 'rewef', '2013-04-13 15:08:54'),
(21, 'erre', '2013-04-13 15:10:02'),
(22, 'gggf', '2013-04-13 15:11:56'),
(23, 'fdsfdsdfsfds', '2013-04-13 15:15:16'),
(24, 'sdffdsdfs', '2013-04-13 15:18:22');

-- --------------------------------------------------------

--
-- Table structure for table `search_pointer`
--

CREATE TABLE IF NOT EXISTS `search_pointer` (
  `id` int(11) NOT NULL AUTO_INCREMENT,
  `parent` int(11) NOT NULL,
  `channel` int(11) NOT NULL,
  `last_hash_set_id` int(11) NOT NULL,
  `last_start_real_time` int(11) NOT NULL,
  PRIMARY KEY (`id`),
  KEY `PARENT` (`parent`),
  KEY `CHANNEL` (`channel`)
) ENGINE=InnoDB  DEFAULT CHARSET=utf16 COLLATE=utf16_bin AUTO_INCREMENT=17 ;

--
-- Dumping data for table `search_pointer`
--

INSERT INTO `search_pointer` (`id`, `parent`, `channel`, `last_hash_set_id`, `last_start_real_time`) VALUES
(1, 1, 4, 0, 2941),
(2, 2, 5, 0, 0),
(3, 3, 4, 0, 2941),
(4, 4, 4, 0, 2941),
(5, 5, 5, 0, 0),
(6, 6, 3, 0, 0),
(7, 7, 3, 0, 0),
(8, 8, 5, 0, 0),
(9, 17, 3, 0, 0),
(10, 18, 3, 0, 0),
(11, 19, 5, 0, 0),
(12, 20, 2, 0, 0),
(13, 21, 5, 0, 0),
(14, 22, 2, 0, 0),
(15, 23, 5, 0, 0),
(16, 24, 2, 0, 0);

-- --------------------------------------------------------

--
-- Table structure for table `search_result`
--

CREATE TABLE IF NOT EXISTS `search_result` (
  `id` int(11) NOT NULL AUTO_INCREMENT,
  `parent` int(11) NOT NULL,
  `channel` int(11) NOT NULL,
  `channel_start_time` datetime NOT NULL,
  `channel_stop_time` datetime NOT NULL,
  `largest_bin_freq` int(20) NOT NULL,
  `probability_ratio` int(20) NOT NULL,
  `sc_start_time` datetime NOT NULL,
  `sc_stop_time` datetime NOT NULL,
  PRIMARY KEY (`id`),
  KEY `parent` (`parent`)
) ENGINE=InnoDB DEFAULT CHARSET=utf16 COLLATE=utf16_bin AUTO_INCREMENT=1 ;

-- --------------------------------------------------------

--
-- Table structure for table `variables`
--

CREATE TABLE IF NOT EXISTS `variables` (
  `name` varchar(100) COLLATE utf16_bin NOT NULL,
  `value` int(11) NOT NULL,
  `type` int(11) NOT NULL COMMENT '0 for indexing, 1 for searching',
  PRIMARY KEY (`name`)
) ENGINE=InnoDB DEFAULT CHARSET=utf16 COLLATE=utf16_bin;

--
-- Dumping data for table `variables`
--

INSERT INTO `variables` (`name`, `value`, `type`) VALUES
('anchor2peakMaxFreqDiff', 1000, 2),
('frameSize', 2048, 2),
('hashSetGroupSize', 7, 1),
('hashmapSize', 10, 2),
('keyPieceMultiplier', 2, 1),
('limitKeyPieceSize', 1, 1),
('redundantThreshold', 2, 2),
('sampleRate', 44100, 2),
('sampledFrequencies', 5, 2),
('startFreq', 50, 2),
('targetZoneSize', 5, 2);

--
-- Constraints for dumped tables
--

--
-- Constraints for table `search_pointer`
--
ALTER TABLE `search_pointer`
  ADD CONSTRAINT `search_pointer_ibfk_1` FOREIGN KEY (`parent`) REFERENCES `searchable_content` (`id`) ON DELETE CASCADE ON UPDATE CASCADE,
  ADD CONSTRAINT `search_pointer_ibfk_3` FOREIGN KEY (`channel`) REFERENCES `channel` (`number`) ON DELETE CASCADE ON UPDATE CASCADE;

--
-- Constraints for table `search_result`
--
ALTER TABLE `search_result`
  ADD CONSTRAINT `search_result_ibfk_1` FOREIGN KEY (`parent`) REFERENCES `searchable_content` (`id`) ON DELETE CASCADE ON UPDATE CASCADE;

/*!40101 SET CHARACTER_SET_CLIENT=@OLD_CHARACTER_SET_CLIENT */;
/*!40101 SET CHARACTER_SET_RESULTS=@OLD_CHARACTER_SET_RESULTS */;
/*!40101 SET COLLATION_CONNECTION=@OLD_COLLATION_CONNECTION */;
